2357, iPad Mini 4 / iPad Air 2 /  iPad Pro 12.9 Front Camera,Parts,5,
6808,20 Pin FPC Connector [Touch Short - iPad Mini 1 / 2 / 3],Parts,3,
6807,32 Pin FPC Connector [LCD - iPad Mini 1 / 2 / 3],Parts,2,
6801,34 Pin FPC Connector [Touch Short - iPad Air / iPad 5 2017],Parts,2,
6806,34 Pin FPC Connector [Touch Short - iPad Air 2],Parts,2,
6802,36 Pin FPC Connector [Touch - iPad Air 3 / iPad 6 2018 / iPad Pro 10.5],Parts,2,
6799,"42 Pin FPC Connector [LCD - iPad Pro 10.5 / iPad Air 3 / iPad Pro 12.9 (1st Gen)] [Touch Short - iPad Min 4 / 5, iPad 7 2019, iPad Pro 12.9 (1st Gen)] [Touch Long - iPad Air 2]",Parts,2,
6798,42 Pin FPC Connector [LCD on iPad Air / iPad 5 2017 / iPad 6 2018 / iPad 7 2019],Parts,2,
6804,42 Pin FPC Connector [Touch Long - iPad Air / iPad 5 2017],Parts,2,
6803,54 Pin FPC Connector [LCD - iPad Pro 12.9 (2nd)] [Touch - iPad Pro 9.7 / iPad Pro 12.9 (2nd)],Parts,2,
6800,58 Pin FPC Connector [LCD - iPad Pro 9.7] [Touch Long - iPad Air 3 / iPad 7 2019],Parts,2,
6805,60 Pin FPC Connector [LCD - iPad Air 2],Parts,2,
4131,"Apple MacBook Pro 15"" A1286 [2009, 2010, 2011,2012] Compatiable Unibody Keyboard with Backlight US",Parts,58,
4125,Apple Watch 1st Gen Compatible Touch Sensor Gasket 38mm,Parts,5,
4126,Apple Watch 1st Gen Compatible Touch Sensor Gasket 42mm,Parts,5,
3801,Apple Watch 2nd Gen 38mm Force Touch Sensor Adhesive Gasket,Parts,5,
3800,Apple Watch 2nd Gen 42mm Force Touch Sensor Adhesive Gasket,Parts,5,
6743,Apple Watch 3rd Gen Touch Sensor Gasket 38mm [GPS Version],Parts,5,
4708,Apple Watch 3rd Gen Touch Sensor Gasket 38mm [LTE Version],Parts,5,
6744,Apple Watch 3rd Gen Touch Sensor Gasket 42mm [GPS Version],Parts,5,
4709,Apple Watch 3rd Gen Touch Sensor Gasket 42mm [LTE Version],Parts,5,
7247,Apple Watch 4th Gen 40mm Compatible LCD Flex [GPS+Cellular],Parts,5,
6312,Apple Watch 4th Gen 40mm Touch Sensor Gasket,Parts,5,
7248,Apple Watch 4th Gen 44mm Compatible LCD Flex [GPS+Cellular],Parts,5,
6313,Apple Watch 4th Gen 44mm Touch Sensor Gasket,Parts,5,
7246,Apple Watch 5th Gen 40mm Compatible LCD Flex [GPS+Cellular],Parts,5,
6597,Apple Watch 5th Gen 40mm Touch Sensor Gasket,Parts,5,
7245,Apple Watch 5th Gen 44mm Compatible LCD Flex [GPS+Cellular],Parts,5,
6598,Apple Watch 5th Gen 44mm Touch Sensor Gasket,Parts,5,
4165,Camera lens LG G6 (H870) Camera Lens,Parts,5,
2031,Dock Charging Assembly for Huawei Ascend Mate 7,Parts,5,
2968,Galaxy A5 2017 A520 Menu And Return Sensor Flex Cable,Parts,7,
8041,Google Pixe 4A 5G Camera Lens,Parts,22,
8020,Google Pixe 4A 5G Sim Tray,Parts,10,
8040,Google Pixe 4A Camera Lens,Parts,7,
8021,Google Pixe 4A Front Camera,Parts,21,
8019,Google Pixe 4A Sim Tray,Parts,9,
6468,Google Pixel / Pixel XL Volume Flex Cable,Parts,13,
4543,Google Pixel 2 Camera Lens,Parts,3,
5064,Google Pixel 2 Charging Port Flex With Daughterboard,Parts,68,
4574,Google Pixel 2 Charging Port Socket,Parts,2,
4752,Google Pixel 2 Earpiece Mesh,Parts,2,
5522,Google Pixel 2 Earpiece Speaker,Parts,5,
6719,Google Pixel 2 Front Camera,Parts,15,
5521,Google Pixel 2 Loudspeaker,Parts,10,same part
6245,Google Pixel 2 Power Button Flex Cable,Parts,10,
4580,Google Pixel 2 Rear Camera,Parts,25,
5017,Google Pixel 2 XL Battery,Parts,25,
4536,Google Pixel 2 XL Camera Lens,Parts,5,
4913,Google Pixel 2 XL Charging Port Flex Cable,Parts,5,
4851,Google Pixel 2 XL Charging Port Socket,Parts,4,
6561,Google Pixel 2 XL Earpiece,Parts,4,
6326,Google Pixel 2 XL Power Flex Cable,Parts,4,
6175,Google Pixel 2 XL Rear Camera,Parts,7,
4973,Google Pixel 3 Camera Lens,Parts,5,
5033,Google Pixel 3 Charging Port Flex Cable,Parts,13,
5417,Google Pixel 3 Earpiece Speaker,Parts,9,
5236,Google Pixel 3 Finger Print Scanner Flex [Black],Parts,15,
5238,Google Pixel 3 Finger Print Scanner Flex [Pink],Parts,15,
5237,Google Pixel 3 Finger Print Scanner Flex [White],Parts,15,
5668,Google Pixel 3 Front Camera (Left and Right),Parts,5,
6949,Google Pixel 3 Loudspeaker,Parts,10,
5502,Google Pixel 3 Microphone Flex Cable,Parts,6,
6242,Google Pixel 3 Power Volume Button Flex Cable,Parts,5,
4972,Google Pixel 3 Rear Camera,Parts,15,pixe 3a pixel 3a xl pixel 3xl same
5427,Google Pixel 3 Sim Tray [Black],Parts,5,
6115,Google Pixel 3 Sim Tray [Black],Parts,5,
4974,Google Pixel 3 XL Camera Lens,Parts,5,
5034,Google Pixel 3 XL Charging Port Flex Cable,Parts,10,
5334,Google Pixel 3 XL Earpiece Speaker,Parts,5,
5240,Google Pixel 3 XL Finger Print Scanner Button Flex [Black],Parts,15,
5241,Google Pixel 3 XL Finger Print Scanner Button Flex [Pink],Parts,15,
5239,Google Pixel 3 XL Finger Print Scanner Button Flex [White],Parts,15,
6428,Google Pixel 3 XL Front Camera,Parts,9,
6427,Google Pixel 3 XL Loudspeaker,Parts,9,
5503,Google Pixel 3 XL Power Flex Cable,Parts,9,
5584,Google Pixel 3 XL Rear Camera,Parts,15,
6617,Google Pixel 3A Camera Lens,Parts,3,
6165,Google Pixel 3A Charging Port Flex,Parts,10,
6555,Google Pixel 3A Earpiece Speaker,Parts,10,
6190,Google Pixel 3A Power Volume Flex,Parts,10,
6616,Google Pixel 3A XL Camera Lens,Parts,3,
6166,Google Pixel 3A XL Charging Port Flex,Parts,10,
6191,Google Pixel 3A XL Power Volume Flex,Parts,10,
7634,Google Pixel 4 Back Rear Camera,Parts,20,
6435,Google Pixel 4 Camera Lens With Frame,Parts,9,
6429,Google Pixel 4 Charging Port Flex Cable,Parts,20,
7633,Google Pixel 4 Front Camera,Parts,20,
7635,Google Pixel 4 Loudspeaker,Parts,11,
6599,Google Pixel 4 Power Volume Flex,Parts,11,
7636,Google Pixel 4 Sim Tray,Parts,5,pixel 4 pixel 4xl sim tray
6430,Google Pixel 4 XL Charging Port Flex Cable,Parts,50,
6600,Google Pixel 4 XL Power Volume Flex,Parts,15,
7966,Google Pixel 4A [5G] Charging Port flex Cable,Parts,26,
7965,Google Pixel 4A Charging Port flex Cable,Parts,26,
7967,Google Pixel 5 Charging Port flex Cable,Parts,70,
3186,Google Pixel And Pixel XL Sim Tray [Black],Parts,5,
4044,Google Pixel And Pixel XL Sim Tray [White],Parts,5,
2969,Google Pixel Charging Port Board,Parts,15,
3150,Google Pixel Charging Socket,Parts,5,
2970,Google Pixel Earpiece,Parts,5,
2971,Google Pixel Loudspeaker,Parts,10,
2579,Google Pixel Sim Reader,Parts,5,
2429,Google Pixel Vibrator,Parts,5,
5121,Google Pixel XL Camera Lens,Parts,3,
2972,Google Pixel XL Charging Port Board,Parts,10,
3149,Google Pixel XL Charging Socket,Parts,5,
2973,Google Pixel XL Earpiece,Parts,5,
5810,Google Pixel XL Front Camera,Parts,20,
3061,Google Pixel XL Loudspeaker,Parts,10,
5409,HTC Desire 10 Pro Charging Port Board,Parts,5,
3224,HTC Desire 510 Earpiece,Parts,3,
3232,HTC Desire 510 Loudspeaker,Parts,5,
1980,HTC Desire 510 sim reader,Parts,5,
1943,HTC Desire 626 626s LCD Flex Cable,Parts,5,
1942,HTC Desire 626 626S Rear Camera,Parts,10,
1944,HTC Desire 626 626S Sim Card Holder,Parts,2,
184,HTC Desire 626 Charging Port Board,Parts,5,
2495,HTC Desire 626 Front Camera,Parts,5,
2337,HTC Desire 816 Charging Port Board,Parts,5,
3235,HTC Desire 816 Earpiece,Parts,5,
3234,HTC Desire 816 Front Camera,Parts,5,
190,HTC Desire 820 Charging Port Flex Cable,Parts,5,
3236,HTC Desire 820 Loudspeaker,Parts,5,
3237,HTC Desire 820 Sim Card Reader,Parts,5,
4014,HTC Desire 820 Sim Tray,Parts,3,
199,HTC Desire G7 Housing Coffee,Parts,5,
200,HTC Desire G7 Keypad Flex Cable,Parts,5,
202,HTC Desire G7 Loudspeaker,Parts,2,
203,HTC Desire G7 Microphone,Parts,2,
204,HTC Desire G7 Power Button Flex Cable,Parts,5,
205,HTC Desire G7 Sim Card Flex Cable,Parts,5,
213,HTC Desire HD Full Housing,Parts,5,
208,HTC Desire HD Loudspeaker,Parts,5,
209,HTC Desire HD Main Flex Cable,Parts,5,
210,HTC Desire HD Sim Card Cover With Antenna,Parts,5,
211,HTC Desire HD Sim Card Flex Cable,Parts,5,
222,HTC Incredible S Charging Port With Flex Cable,Parts,5,
223,HTC Incredible S G11 Keypad Board Sensor With Cable,Parts,5,
4415,HTC M8 SIM Tray,Parts,5,
2334,HTC One 10 M10 Back Camera Flex ,Parts,5,
2329,HTC One 10 M10 Camera lens ,Parts,5,
2430,HTC One 10 M10 Charging Port Flex,Parts,10,
2886,HTC One 10 M10 Home Button Flex Black,Parts,10,
2887,HTC One 10 M10 Home Button Flex White,Parts,10,
2332,HTC One 10 M10 Memory Card Reader Flex ,Parts,10,
3399,HTC One 10 M10 Memory Card Reader Flex ,Parts,10,
2330,HTC One 10 M10 Power Volume flex ,Parts,10,
2331,HTC One 10 M10 Sim Reader Flex ,Parts,10,
4599,HTC One 10 M10 Sim Tray [Black],Parts,2,
4600,HTC One 10 M10 Sim Tray [White],Parts,2,
266,HTC One LCD Connector,Parts,2,
231,HTC One M7 Antenna,Parts,2,
3239,HTC One M7 Back Camera Cover,Parts,2,
234,HTC One M7 Charging Port,Parts,5,
235,HTC One M7 Earpiece,Parts,2,
3240,HTC One M7 Earpiece,Parts,2,
239,HTC One M7 Lound Speaker,Parts,5,
240,HTC One M7 Power Button Flex,Parts,5,
241,HTC One M7 Rear Camera,Parts,8,
3238,HTC One M7 Sim Tray,Parts,3,
3241,HTC One M8 Camera Lens,Parts,3,
247,HTC One M8 Charging Port Flex ,Parts,10,
248,HTC One M8 Earpiece,Parts,3,
2327,HTC One M8 Front Camera,Parts,5,
250,HTC One M8 Loud Speaker,Parts,5,
3647,HTC One M8 Power On Off Flex Cable,Parts,5,
246,HTC One M8 Rear Camera,Parts,8,
252,HTC One M8 Sim Reader,Parts,5,
2512,HTC One M8S Charging Port Flex,Parts,8,
2961,HTC One M8S Earpiece,Parts,3,
3242,HTC One M8S FPC Connector,Parts,3,
255,HTC One M9 Camera Lens,Parts,2,
256,HTC One M9 Charging Port Flex,Parts,10,
257,HTC One M9 Earpiece,Parts,2,
3243,HTC One M9 FPC Connector,Parts,2,
259,HTC One M9 Loud Speaker,Parts,10,
261,HTC One M9 Rear Camera ,Parts,7,
262,HTC One M9 Sim Reader Flex,Parts,5,
260,HTC One M9 Sim Reader Power Flex,Parts,5,
263,HTC One M9 Sim Tray,Parts,8,
277,HTC One X Charging Port,Parts,2,
3246,HTC One X Earspeaker,Parts,3,
278,HTC One X Front Camera,Parts,5,
280,HTC One X Power Button Flex Cable,Parts,5,
281,HTC One X Rear Big Camera,Parts,5,
282,HTC One X Sim Card Reader,Parts,5,
283,HTC One X Sim Card Tray,Parts,2,
285,HTC One X Vibrator,Parts,2,
286,HTC One X Volume Button Flex Cable With Microphone,Parts,5,
2224,HTC One X9 Charging Port,Parts,5,
2226,HTC One X9 Earpiece,Parts,5,
2833,HTC One X9 Sim Tray Black,Parts,2,
3962,HTC One X9 Wifi Antenna Cable,Parts,2,
288,HTC One Xl Charging Port,Parts,2,
291,HTC One Xl Power Button Proximity Sensor Flex Cable,Parts,5,
292,HTC One Xl Sim Tray,Parts,2,
294,HTC One Xl Volume Button Cable,Parts,2,
312,HTC Sensation|Pyramid G14 Big Rear Camera,Parts,2,
313,HTC Sensation|Pyramid G14 Charging Port,Parts,2,
306,HTC Sensation|Pyramid G14 Main Flex Cable,Parts,2,
307,HTC Sensation|Pyramid G14 Memory Card Reader,Parts,2,
316,HTC Sensation|Pyramid G14 Microphone Flex Cable,Parts,2,
308,HTC Sensation|Pyramid G14 Sim Card Reader Flex Cable,Parts,2,
317,HTC Sensation|Pyramid G14 Small Front Camera,Parts,2,
318,HTC Sensation|Pyramid G14 Socket Frame,Parts,2,
319,HTC Sensation|Pyramid G14 Vibrator,Parts,2,
320,HTC Sensation|Pyramid G14 Volume Button,Parts,2,
321,HTC Sensation|Pyramid G14 Volume Button Flex Cable,Parts,2,
4144,HTC U Play Home Button Flex [Black],Parts,2,
5811,HTC U Play Home Button Flex [White],Parts,2,
4197,HTC U Play Home Button Flex Cable [Black],Parts,2,
3648,HTC U11 Charging Port Board,Parts,8,
4305,HTC U11 Charging Port Socket,Parts,2,
4303,HTC U11 Earpiece,Parts,2,
3946,HTC U11 Home Button [Black],Parts,5,
4425,HTC U11 Life Camera Lens,Parts,3,
4717,HTC U11 Life Charging Board,Parts,5,
4424,HTC U11 Life Earpiece,Parts,3,
4646,HTC U11 Life Home Button [Black],Parts,5,
2030,Huawei Ascend Mate 7 Back Camera ,Parts,2,
2032,Huawei Ascend Mate 7 Charging Port Socket,Parts,2,
2927,Huawei Ascend Mate 7 Earpiece,Parts,2,
2036,Huawei Ascend Mate 7 Front Camera,Parts,2,
2039,Huawei Ascend Mate 7 gold SIM Tray ,Parts,2,
2033,Huawei Ascend Mate 7 Hone Button Fingerprint Sensor Flex Cable [Black],Parts,2,
2034,Huawei Ascend Mate 7 Hone Button Fingerprint Sensor Flex Cable [Gold],Parts,2,
2035,Huawei Ascend Mate 7 Hone Button Fingerprint Sensor Flex Cable [Silver],Parts,2,
2037,Huawei Ascend Mate 7 LCD Flex Cable,Parts,2,
2516,Huawei Ascend Mate 7 Loudspeaker,Parts,2,
2038,Huawei Ascend Mate 7 Micro SD Card Reader,Parts,2,
960,Huawei Ascend Mate 7 Power Button,Parts,2,
4533,Huawei G8 GX8 RIO-L01 RIO-L02 RIO-L03 Camera Lens,Parts,2,
7202,Huawei G8 GX8 RIO-L01 RIO-L02 RIO-L03 Charging Port Board,Parts,2,
2060,Huawei G8 GX8 RIO-L01 RIO-L02 RIO-L03 Sim reader,Parts,2,
2059,Huawei G8 GX8 RIO-L01 RIO-L02 RIO-L03 Sim Tray,Parts,2,
4942,Huawei G8 Rear Camera,Parts,2,
3501,Huawei GR5 (2016) Honor 6 Power Flex Cable,Parts,2,
3500,Huawei GR5 (2017) Power Flex Cable BLL-L21 BLL-L22,Parts,2,
6519,Huawei Honor 8X LCD Touch Digitizer Screen [Black],Parts,60,
4307,Huawei Honor 9 Home Button With Flex Cable [Blue],Parts,8,
4933,Huawei Mate 10 Charging Port Board,Parts,10,
4080,Huawei Mate 10 Headphone Jack,Parts,8,
4075,Huawei Mate 10 Home Button Flex [Black],Parts,8,
4074,Huawei Mate 10 Home Button Flex [Gold],Parts,8,
5634,Huawei Mate 10 Lite Antenna Flex,Parts,8,
7431,Huawei Mate 10 Middle Frame [Black],Parts,8,
7432,Huawei Mate 10 Middle Frame [Gold],Parts,8,
4145,Huawei Mate 10 Power Volume Flex,Parts,8,
4015,Huawei Mate 10 Pro Camera Lens,Parts,7,
4143,Huawei Mate 10 Pro Charging Port Board,Parts,10,
4919,Huawei Mate 10 Rear Back Camera,Parts,10,
6974,Huawei Mate 10 Sim Tray [Black],Parts,5,
5250,Huawei Mate 20 Charging Port Daughterboard,Parts,40,
5583,Huawei Mate 20 Pro Charging Port Flex Cable,Parts,40,
7994,Huawei Mate 30 Pro Charging Port Board Flex,Parts,40,
6564,Huawei Mate 30 Pro Loudspeaker,Parts,10,
2041,Huawei Mate 8 Back Camera,Parts,10,
3933,Huawei Mate 8 Camera Lens,Parts,5,
2046,Huawei Mate 8 Dock Charging Board ,Parts,5,
3255,Huawei Mate 8 Earpiece,Parts,5,
2047,Huawei Mate 8 Earpiece Speaker ,Parts,5,
2048,Huawei Mate 8 Fingerprint Sensor Flex Cable [Gold],Parts,5,
2050,Huawei Mate 8 Fingerprint Sensor Flex Cable [Gray],Parts,5,same part
2049,Huawei Mate 8 Fingerprint Sensor Flex Cable [Silver],Parts,5,
3253,Huawei Mate 8 Home Button Flex Black,Parts,5,
3254,Huawei Mate 8 Home Button Flex White,Parts,5,
2051,Huawei Mate 8 Loud Speaker Module,Parts,5,
2052,Huawei Mate 8 Motherboard Connector Flex Cable,Parts,5,
2053,Huawei Mate 8 SIM Tray -Gold,Parts,5,
2054,Huawei Mate 8 SIM Tray -Grey,Parts,5,
2055,Huawei Mate 8 SIM Tray -Silver,Parts,5,
3694,Huawei Mate 9 / 9 Pro Rear Camera,Parts,10,
3014,Huawei Mate 9 Camera Lens,Parts,3,
2518,Huawei Mate 9 Charging Port,Parts,2,
3173,Huawei Mate 9 Charing Port Flex Cable,Parts,10,
3257,Huawei Mate 9 Earpiece,Parts,3,
4669,Huawei Mate 9 Front Camera,Parts,5,
4254,Huawei Mate 9 Headphone Jack,Parts,5,
4079,Huawei Mate 9 Home Button Flex Cable [Black],Parts,3,
5032,Huawei Mate 9 Power Volume Flex Cable,Parts,5,
4355,Huawei Mate 9 SIM Tray [Black],Parts,2,
4354,Huawei Mate 9 SIM Tray [Gold],Parts,2,
4353,Huawei Mate 9 SIM Tray [Silver],Parts,2,
1007,Huawei Nexus 6P Back Camera Lens Glass Black H1511 H1512,Parts,2,
1930,Huawei Nexus 6P Charging Port Board H1511 H1512,Parts,10,
3119,Huawei Nexus 6P Charging Port Socket H1511 H1512,Parts,2,
4361,Huawei Nexus 6P Earpiece Speaker H1511 H1512,Parts,2,
1923,Huawei Nexus 6P Fingerprint Scanner Sensor with Flex Cable H1511 H1512 Black,Parts,5,
1925,Huawei Nexus 6P Fingerprint Scanner Sensor with Flex Cable H1511 H1512 Gold,Parts,5,
1926,Huawei Nexus 6P Fingerprint Scanner Sensor with Flex Cable H1511 H1512 Silver,Parts,5,
1924,Huawei Nexus 6P Fingerprint Scanner Sensor with Flex Cable H1511 H1512 White,Parts,5,
1928,Huawei Nexus 6P Front camera H1511 H1512,Parts,5,
1929,Huawei Nexus 6P Loudspeaker  H1511 H1512,Parts,4,
1927,Huawei Nexus 6P Rear camera H1511 H1512,Parts,4,
1931,Huawei Nexus 6P sim card tray holder black  H1511 H1512,Parts,4,
1933,Huawei Nexus 6P sim card tray holder gold H1511 H1512,Parts,4,
1934,Huawei Nexus 6P sim card tray holder silver H1511 H1512,Parts,4,
1932,Huawei Nexus 6P sim card tray holder white H1511 H1512,Parts,4,
4530,Huawei Nova 2i (Mate 10 Lite Honor 9i) Honor 9i Charging Port Board,Parts,10,
4852,Huawei Nova 2i Camera Lens,Parts,3,
4907,Huawei Nova 2i Charging Port Flex,Parts,5,
5333,Huawei Nova 3 Camera Lens,Parts,3,
4940,Huawei Nova 3 Charging Board,Parts,10,
4421,Huawei Nova 3e (P20 Lite) Camera Lens,Parts,2,
4419,Huawei Nova 3e (P20 Lite) Charging Port Board,Parts,10,
4420,Huawei Nova 3e (P20 Lite) Earpiece Speaker,Parts,5,
7424,Huawei Nova 3e (P20 Lite) Mainboard Flex Cable,Parts,5,
4423,Huawei Nova 3i Camera Lens,Parts,3,
4437,Huawei Nova 3i Charging Port Board,Parts,10,
4422,Huawei Nova 3i Earpiece,Parts,3,
7741,Huawei Nova 3i Power Flex,Parts,5,
6204,Huawei Nova 5T / Honor 20 / Honor 20 Pro Power Flex Cable,Parts,10,
6203,Huawei Nova 5T Charging Port,Parts,10,
3225,Huawei P10 Camera Cover Glass Black,Parts,5,
3960,Huawei P10 Charging Port Flex Cable,Parts,10,
4724,Huawei P10 Plus Back Camera,Parts,40,
4035,Huawei P10 Rear Camera,Parts,30,
4805,Huawei P20 Pro Camera Lens,Parts,5,
4900,Huawei P20 Pro Charging Port Flex,Parts,9,
5767,Huawei P20 Pro Front Camera,Parts,10,
4749,Huawei P20/P20 Pro Home Button [Black],Parts,4,
7027,Huawei P30 Charging Port Board,Parts,20,
5517,Huawei P30 Charging Port Flex Cable,Parts,20,
7543,Huawei P30 Lite Camera Lens Bracket,Parts,3,
7928,Huawei P30 Pro Camera Lens,Parts,3,
5518,Huawei P30 Pro Charging Port Flex Cable,Parts,30,
2234,Huawei P8 Charging Port,Parts,5,
2236,Huawei P8 Earpiece,Parts,3,
2235,Huawei P8 Loud Speaker,Parts,3,
2238,Huawei P8 Sim Reader,Parts,3,
2237,Huawei P8 Sim Tray,Parts,3,
2061,Huawei P9 Antenna,Parts,3,
3193,Huawei P9 Audio Jack Flex Cable,Parts,3,
2066,Huawei P9 Charging Port PCB Board,Parts,5,
2231,Huawei P9 Earpiece,Parts,3,
2069,Huawei P9 Fingerprint Sensor Flex Cable -Gold,Parts,3,
2070,Huawei P9 Fingerprint Sensor Flex Cable -Grey,Parts,3,
2071,Huawei P9 Fingerprint Sensor Flex Cable -Silver,Parts,3,
2983,Huawei P9 LCD Flex Cable,Parts,3,
2230,Huawei P9 Loudspeaker,Parts,3,
7558,Huawei P9 Mainboard Flex Cable,Parts,3,
3650,Huawei P9 Power Volume Flex Cable,Parts,3,
2073,Huawei P9 Side Key Flex Cable,Parts,3,
2233,Huawei P9 Sim Reader,Parts,3,
2074,Huawei P9 SIM Tray Grey,Parts,3,
2232,Huawei P9 Sim Tray Grey,Parts,3,
2075,Huawei P9 SIM Tray Silver,Parts,3,
3226,Huawei V3 Charging Port Socket,Parts,3,
6155,Huawei Y7 2017 (H1711 TRT-LX1 TRT-LX3 TRT-LX2) Charging Port Flex,Parts,5,
5406,Huawei Y7 Prime TRT-LX2 Charging Board,Parts,5,
475,iPad 1 Compatible Charging Port Flex Cable,Parts,5,
477,iPad 1 Compatible LCD Flex Cable,Parts,5,
478,iPad 1 Compatible Loud Speaker,Parts,5,
517,iPad 2 3 4 Compatible Platic Bezel [Black],Parts,2,
518,iPad 2 3 4 Compatible Platic Bezel [White],Parts,2,
2355,iPad 2 Compatible 3G Antenna Left Right Set ,Parts,2,
472,iPad 2 Compatible Back Rear Camera ,Parts,5,
473,iPad 2 Compatible Charging Port Flex Cable,Parts,5,
474,iPad 2 Compatible Digitizer Connector (On Board),Parts,5,
485,iPad 2 Compatible Front Camera,Parts,5,
486,iPad 2 Compatible Front Small Camera Frame,Parts,3,
487,iPad 2 Compatible Handsfree Port Flex Cable [Wifi Version],Parts,5,
489,iPad 2 Compatible Headphone Jack CDMA Version,Parts,8,
488,iPad 2 Compatible Headphone Jack GSM,Parts,5,
490,iPad 2 Compatible Home Button [Black],Parts,1,
491,iPad 2 Compatible Home Button [White],Parts,1,
492,iPad 2 Compatible LCD Cable,Parts,5,
493,iPad 2 Compatible LCD Connector (On Board),Parts,2,
495,iPad 2 Compatible LCD Screw Set,Parts,2,
496,iPad 2 Compatible Loudspeaker,Parts,5,
497,iPad 2 Compatible Microphone Speaker With Flex Cable,Parts,5,
501,iPad 2 Compatible Power Button and Volume Button Cable [CDMA Version],Parts,5,
500,iPad 2 Compatible Power Button and Volume Button Cable [gsm],Parts,5,
2353,iPad 2 Compatible Sim Card Tray,Parts,5,
2352,iPad 2 Compatible Sim Reader,Parts,5,
482,iPad 2 Compatible Wifi Antenna Flex Cable,Parts,5,
515,iPad 3  / iPad 4 Compatible Loud Speaker,Parts,5,
519,iPad 3 / iPad 4 Compatible Power Button and Volume Button Cable,Parts,5,
536,iPad 3 / iPad 4 Compatible Rear Camera,Parts,10,
507,iPad 3 Compatible 3G Antenna Flex Cable,Parts,5,
508,iPad 3 Compatible Audio Jack With Pcb Board [3G],Parts,10,
509,iPad 3 Compatible Audio Jack With Pcb Board [Wifi],Parts,10,
511,iPad 3 Compatible Charging Port Flex Cable,Parts,10,
521,iPad 3 Compatible Digitizer Connector,Parts,2,
512,iPad 3 Compatible Front Camera,Parts,5,
2850,iPad 3 Compatible LCD Connector,Parts,2,
516,iPad 3 Compatible Microphone Speaker With Flex Cable,Parts,3,
524,iPad 3 Compatible Wifi Antenna Flex Cable,Parts,3,
525,iPad 4 Compatible Audio Jack With Pcb Board [3G],Parts,10,
526,iPad 4 Compatible Audio Jack With Pcb Board [Wifi],Parts,10,
528,iPad 4 Compatible Charging Port Flex Cable,Parts,7,
529,iPad 4 Compatible Home Button Flex,Parts,5,
530,iPad 4 Compatible LCD Connector,Parts,5,
2220,iPad 4 Compatible Loudspeaker,Parts,5,
532,iPad 4 Compatible Mic Flex Cable,Parts,5,
535,iPad 4 Compatible Power Cable,Parts,5,
539,iPad 4 Compatible Wifi Antenna Flex Cable,Parts,5,
4863,"iPad 5 (2017) / iPad 6 (2018) /  iPad 7 (10.2"" / 2019) Compatible Power Volume Button Flex Cable (A1822 A1823) /",Parts,5,
4397,iPad 5 (2017) / iPad 6 (2018) Compatible Home Button Flex [Black Ring],Parts,5,
4399,iPad 5 (2017) / iPad 6 (2018) Compatible Home Button Flex [Gold Ring],Parts,5,
4398,iPad 5 (2017) / iPad 6 (2018) Compatible Home Button Flex [Silver Ring],Parts,5,
4021,"iPad 5 2017 / iPad 6 (2018) / iPad 7 (10.2"" / 2019) Compatible Home Button Bracket",Parts,2,
6058,iPad 5 2017 / iPad Air 1 Compatible 4G Antenna (Left and Right),Parts,5,
3736,iPad 5 2017 4G Anntenna,Parts,5,
7359,iPad 6 (2018) Compatible Screw Set,Parts,2,
6102,iPad 6 2018 Compatible 4G Antenna (Left and Right),Parts,2,
6993,iPad 6 2018 Compatible Headphone Jack [Black],Parts,5,
7411,iPad 6 2018 Compatible Headphone Jack [White],Parts,5,
4667,iPad 6th (2018) (A1893 A1954) WIFI Antenna,Parts,5,
6989,iPad 7 (2019) (10.2 inch) Compatible Charging Port Flex [Black],Parts,5,
6523,iPad 7 (2019) (10.2 inch) Compatible Charging Port Flex [White],Parts,5,
6796,iPad 7 (2019) (10.2 inch) Compatible GPS Antenna,Parts,5,
7199,iPad 7 (2019) (10.2 inch) Compatible Headphone Jack Flex Cable [White],Parts,5,
6241,iPad 7 (2019) (10.2 inch) Compatible Home Button Flex Cable [Black],Parts,5,
6466,iPad 7 (2019) (10.2 inch) Compatible Home Button Flex Cable [Gold],Parts,5,
6240,iPad 7 (2019) (10.2 inch) Compatible Home Button Flex Cable [White],Parts,5,
6795,iPad 7 (2019) (10.2 inch) Compatible Loudspeaker,Parts,10,
6792,iPad 7 (2019) (10.2 inch) Compatible Power Flex Cable,Parts,10,
6793,iPad 7 (2019) (10.2 inch) Compatible WIFI Antenna,Parts,10,
609,iPad Air / 2017 Compatible Power Button Flex Cable,Parts,5,
566,iPad Air / iPad 5 (2017) / iPad 6 (2018) Compatible Headphone Jack,Parts,10,
5760,iPad Air 1 /  iPad 5 (2017) Compatible Screen Sticker,Parts,2,
560,iPad Air 1 /  iPad Mini 1 / iPad Mini 2 / iPad Mini 3 Compatible Back Rear Camera,Parts,10,
562,iPad Air 1 / iPad 5 (2017) / iPad 6 (2018) Compatible Charging Dock Flex Cable [Black],Parts,4,
2486,iPad Air 1 / iPad 5 (2017) / iPad 6 (2018) Compatible Charging Dock Flex Cable [White],Parts,4,
571,iPad Air 1 / iPad 5 (2017) / iPad 6 (2018) Compatible Loud Speaker,Parts,10,
565,"iPad Air 1 / iPad Mini 1 / iPad Mini 2 / iPad Mini 3 / iPad 5 (2017) / iPad 6 (2018) / iPad 7 (10.2"" 2019) Compatible Front Camera",Parts,10,
6057,iPad Air 1 / iPad Mini 1 / iPad Mini 2 / iPad Mini 3 / iPad 5 (2017) Sim Tray [Silver],Parts,2,
567,iPad Air 1 Compatible Home Button [Black],Parts,2,
569,iPad Air 1 Compatible Home Button [White],Parts,2,
546,"iPad Air 2 / iPad Pro 12.9"" (1ST GEN, 2016) Compatible Home Button Flex [Black]",Parts,4,
548,"iPad Air 2 / iPad Pro 12.9"" (1ST GEN, 2016) Compatible Home Button Flex [White]",Parts,4,
540,iPad Air 2 Compatible 3G Antenna Cable,Parts,4,
3949,iPad Air 2 Compatible Backlight IC D400,Parts,7,
543,iPad Air 2 Compatible Charging Port Flex Black,Parts,4,
2487,iPad Air 2 Compatible Charging Port Flex White,Parts,4,
545,iPad Air 2 Compatible Headphone Jack Cable Black,Parts,5,
2910,iPad Air 2 Compatible Headphone Jack Cable White,Parts,5,
547,iPad Air 2 Compatible Home Button Flex [Gold],Parts,4,
3940,iPad Air 2 Compatible LCD Connector,Parts,5,
2356,iPad Air 2 Compatible Loud Speaker,Parts,5,
552,iPad Air 2 Compatible Power Button Flex,Parts,5,
5764,iPad Air 2 Compatible Screen Sticker,Parts,2,
3134,iPad Air 2 Compatible Sleep Wake Sensor Chip,Parts,5,
555,iPad Air 2 Compatible Volume Button Flex,Parts,5,
556,iPad Air 2 Compatible Wifi Cable,Parts,5,
6708,iPad Air 3 / iPad Pro 10.5 Compatible Home Button [Black],Parts,5,
6706,iPad Air 3 / iPad Pro 10.5 Compatible Home Button [Gold],Parts,5,
6707,iPad Air 3 / iPad Pro 10.5 Compatible Home Button [Rosegold],Parts,5,
6705,iPad Air 3 / iPad Pro 10.5 Compatible Home Button [Silver],Parts,5,
6716,iPad Air 3 Compatible Antenna,Parts,10,
7154,iPad Air 3 Compatible Charging Port Flex [Black],Parts,10,
7153,iPad Air 3 Compatible Charging Port Flex [White],Parts,10,
6714,iPad Air 3 Compatible Headphone Jack Flex [Black],Parts,10,
6713,iPad Air 3 Compatible Headphone Jack Flex [White],Parts,10,
6715,iPad Air 3 Compatible Mainboard Connector Flex Cable,Parts,10,
6711,iPad Air 3 Compatible Power Button Flex,Parts,10,
6712,iPad Air 3 Compatible Volume Button Flex,Parts,10,
7931,iPad Air 4 (10.9) Compatible Charging Port Flex Cable [Black],Parts,30,
7932,iPad Air 4 (10.9) Compatible Charging Port Flex Cable [White],Parts,30,
2247,iPad Air Compatible Audio Handsfree Jack Cable [3G] black,Parts,10,
558,iPad Air Compatible Audio Handsfree Jack Cable [3G] white,Parts,10,
2248,iPad Air Compatible Audio Handsfree Jack Cable [Wifi] black,Parts,10,
559,iPad Air Compatible Audio Handsfree Jack Cable [Wifi] white ,Parts,10,
563,iPad Air Compatible Digitizer Connector,Parts,5,
568,iPad Air Compatible Home Button Flex,Parts,5,
575,iPad Air Compatible Volume Flex,Parts,5,
576,iPad Air Compatible Wifi Cable,Parts,5,
572,iPad Mini 1 Compatible Power Flex Cable,Parts,5,
2217,iPad Mini 1/ iPad Mini 2 / iPad Mini 3 Compatible Touch Fpc Connector,Parts,5,
2215,iPad Mini 2 / iPad Mini 1 / iPad Mini 3 Compatible Loudspeaker,Parts,5,
1888,iPad Mini 2 / iPad Mini 3 Compatible Charging Port Flex Black,Parts,5,
1887,iPad Mini 2 / iPad Mini 3 Compatible Charging Port Flex White,Parts,5,
2378,iPad Mini 2 / iPad Mini 3 Compatible Headphone Jack black,Parts,5,
2360,iPad Mini 2 / iPad Mini 3 Compatible Headphone Jack white,Parts,5,
2361,iPad Mini 2 / iPad mini 3 Compatible Power Volume Flex Cable,Parts,5,
2362,iPad Mini 2 Compatible 3G Antenna Left,Parts,6,
3035,iPad Mini 2 Compatible 3G Antenna Right,Parts,6,
2216,iPad Mini 2 Compatible Wifi Cable left,Parts,6,
2528,iPad Mini 2 LCD Connector,Parts,2,
2363,iPad Mini 3 / Mini 4 Compatible 3G Cellular Antenna [Left Right Set],Parts,5,
584,iPad Mini 3 Compatible Charging Port [Black],Parts,5,
585,iPad Mini 3 Compatible Charging Port [White],Parts,5,
2206,iPad Mini 3 Compatible Earphone Jack Flex Cable,Parts,5,
586,iPad Mini 3 Compatible Home Button Cable Black,Parts,5,
587,iPad Mini 3 Compatible Home Button Cable Gold,Parts,5,
588,iPad Mini 3 Compatible Home Button Cable White,Parts,5,
2211,iPad Mini 3 Compatible Loud Speaker,Parts,5,
2207,iPad Mini 3 Compatible Power Volume Button Cable,Parts,5,
2208,iPad Mini 3 Compatible Touch Fpc Connector,Parts,2,
2205,iPad Mini 3 Compatible Wifi Cable,Parts,5,
554,"iPad Mini 4 / iPad Mini 5 / iPad Air 2 / iPad Air 3 / iPad 5 (2017) / iPad 6 (2018) / iPad 7 (10.2"" 2019) / iPad Pro 12.9"" (1st Gen) Compatible Rear Camera",Parts,10,
7548,iPad Mini 4 / iPad Mini 5 Compatible Charging Port Flex Cable [Black],Parts,5,
2194,iPad Mini 4 / iPad Mini 5 Compatible Charging Port Flex Cable [White],Parts,5,
2201,iPad Mini 4 / iPad Mini 5 Compatible Loud Speaker,Parts,10,
3135,iPad Mini 4 / iPad Mini 5 Compatible Sleep Wake Sensor Chip,Parts,10,
2199,iPad Mini 4 Compatible Headphone Jack Flex Cable [WIFI Version],Parts,10,
2955,iPad Mini 4 Compatible Home Button Black,Parts,10,
6973,iPad Mini 4 Compatible Home Button Cable Gold,Parts,10,
2195,iPad Mini 4 Compatible Home Button White,Parts,10,
3942,iPad Mini 4 Compatible LCD Connector,Parts,2,
2200,iPad Mini 4 Compatible Power Button Flex,Parts,3,
5763,iPad Mini 4 Compatible Screen Sticker,Parts,2,
2198,iPad Mini 4 Compatible Wifi Cable,Parts,5,
7500,iPad Mini 5 Compatible Home Button Flex Cable [Black],Parts,10,
7502,iPad Mini 5 Compatible Home Button Flex Cable [Gold],Parts,10,
7501,iPad Mini 5 Compatible Home Button Flex Cable [Silver],Parts,10,
591,iPad Mini Compatible 3G Flex Cable,Parts,10,
606,iPad Mini Compatible Battery Connector,Parts,3,
2496,iPad Mini Compatible Charging Dock Flex Cable Black,Parts,10,
601,iPad Mini Compatible Charging Dock Flex Cable White,Parts,10,
3144,iPad Mini Compatible Headphone Jack black,Parts,10,
605,iPad Mini Compatible Headphone Jack white,Parts,10,
2359,iPad Mini Compatible Home Button Cable,Parts,10,
607,iPad Mini Compatible LCD Connector,Parts,2,
2358,iPad Mini Compatible Loud Speaker,Parts,10,
602,iPad Mini Compatible Touch Digitizer Connector,Parts,2,
616,iPad Mini Compatible Wifi Cable Right,Parts,10,
5119,iPad Pro 10.5 (A1701 A1709) Compatible Home Button [Black],Parts,10,
5118,iPad Pro 10.5 (A1701 A1709) Compatible Home Button [Silver],Parts,10,
4053,iPad Pro 10.5 / iPad Air 3 Compatible Home Button Braket,Parts,10,
5762,iPad Pro 10.5 / iPad Air 3 Compatible Screen Sticker,Parts,2,
6518,iPad Pro 10.5 Compatible Charging Port Flex Cable (A1701 A1709) [Black],Parts,10,
4625,iPad Pro 10.5 Compatible Charging Port Flex Cable (A1701 A1709) [White],Parts,10,
6531,iPad Pro 10.5 Compatible Headphone Jack [Black],Parts,10,
6530,iPad Pro 10.5 Compatible Headphone Jack [White],Parts,10,
6189,iPad Pro 10.5 Compatible Rear Camera,Parts,100,
5939,iPad Pro 10.5 Power Button Extension Cable,Parts,10,
5264,iPad Pro 10.5 Power Flex Cable,Parts,10,
7256,iPad Pro 11 inch Compatible Rear Camera,Parts,100,
6420,iPad Pro 12.9 (2nd Gen) (A1670 A1671) Compatible Charging Port Flex Cable [3G] [Black],Parts,10,
6421,iPad Pro 12.9 (2nd Gen) (A1670 A1671) Compatible Charging Port Flex Cable [3G] [White],Parts,10,
6722,iPad Pro 12.9 (2nd Gen) (A1670 A1671) Compatible Charging Port Flex Cable [WIFI] [Black],Parts,10,
6723,iPad Pro 12.9 (2nd Gen) (A1670 A1671) Compatible Charging Port Flex Cable [WIFI] [White],Parts,10,
6975,iPad Pro 12.9 (2nd Gen) (A1670 A1671) Home Button Flex Cable [Black],Parts,10,
6976,iPad Pro 12.9 (2nd Gen) (A1670 A1671) Home Button Flex Cable [White],Parts,10,
7174,iPad Pro 12.9 (2nd Gen) / iPad Pro 10.5 / iPad Air 3 / iPad Mini 5 (A1670 A1671) Compatible Front Camera Flex,Parts,10,
6422,iPad Pro 12.9 (3rd 2018 / 4th 2020) / iPad Pro 11 (2018 / 2020) Compatible Charging Port Flex Cable [Black],Parts,10,
6423,iPad Pro 12.9 (3rd 2018 / 4th 2020) / iPad Pro 11 (2018 / 2020) Compatible Charging Port Flex Cable [White],Parts,10,
4714,iPad Pro 12.9 Compatible Battery (A1584 A1652),Parts,100,battery
2170,iPad Pro 12.9 Compatible Charging Port Flex Cable [Cellular Version] Black,Parts,10,
2169,iPad Pro 12.9 Compatible Charging Port Flex Cable [Wifi Version] White,Parts,10,
5053,iPad Pro 12.9 Compatible Headphone Earphone Jack Flex Cable [Black] 3G Version,Parts,10,
2177,iPad Pro 12.9 Compatible Headphone Earphone Jack Flex Cable [Black] WIFI Version,Parts,10,
5054,iPad Pro 12.9 Compatible Headphone Earphone Jack Flex Cable [White] 3G Version,Parts,10,
2178,iPad Pro 12.9 Compatible Headphone Earphone Jack Flex Cable [White] WIFI Version,Parts,10,
2173,iPad Pro 12.9 Compatible Home Button Black,Parts,5,
4052,iPad Pro 12.9 Compatible Home Button Braket,Parts,2,
2172,iPad Pro 12.9 Compatible Home Button Gold,Parts,5,
2171,iPad Pro 12.9 Compatible Home Button Silver,Parts,5,
3934,iPad Pro 12.9 Compatible LCD FPC Connector,Parts,2,
2179,iPad Pro 12.9 Compatible Power Volume Button Flex Cable,Parts,5,
4218,iPad Pro 12.9 Compatible Volume Flex,Parts,5,
2176,iPad Pro 12.9 Compatible Wifi Cable,Parts,5,
4054,"iPad Pro 9.7 / iPad Air 2 / iPad Pro 12.9 (1ST GEN, 2016) Compatible Home Button Braket",Parts,5,
2181,iPad Pro 9.7 Compatible Charging Port Flex Cable Black,Parts,5,
2182,iPad Pro 9.7 Compatible Charging Port Flex Cable White,Parts,5,
2186,iPad Pro 9.7 Compatible Front Camera,Parts,10,
2189,iPad Pro 9.7 Compatible Headphone Earphone Jack Flex Cable Black,Parts,10,
2190,iPad Pro 9.7 Compatible Headphone Earphone Jack Flex Cable White,Parts,10,
2183,iPad Pro 9.7 Compatible Home Button [Black],Parts,5,
2184,iPad Pro 9.7 Compatible Home Button [Gold],Parts,5,
7208,iPad Pro 9.7 Compatible Home Button [Rosegold],Parts,5,
2185,iPad Pro 9.7 Compatible Home Button [Silver],Parts,5,
7254,iPad Pro 9.7 Compatible Loudspeaker,Parts,10,
2191,iPad Pro 9.7 Compatible Power Button Cable On Off Flex,Parts,10,
2187,iPad Pro 9.7 Compatible Rear Camera,Parts,10,
5761,iPad Pro 9.7 Compatible Screen Sticker,Parts,2,
2192,iPad Pro 9.7 Compatible Volume Flex,Parts,10,
2188,iPad Pro 9.7 Compatible Wifi Cable,Parts,5,
7150,iPhone 11 / 11 Pro / 11 Pro Max Compatible Camera Lens A [Thin] Original,Parts,5,
7151,iPhone 11 / 11 Pro / 11 Pro Max Compatible Camera Lens B [Thick] Original,Parts,5,
7492,iPhone 11 Compatible Back Housing [with Tested Button Flex and Brackets] [Black],Parts,350,housing
7494,iPhone 11 Compatible Back Housing [with Tested Button Flex and Brackets] [Mint],Parts,350,
7493,iPhone 11 Compatible Back Housing [with Tested Button Flex and Brackets] [White],Parts,350,
7149,iPhone 11 Compatible Camera Lens Set,Parts,5.5,
6279,iPhone 11 Compatible Charging Port Flex Cable [Black] Original,Parts,78,
6280,iPhone 11 Compatible Charging Port Flex Cable [Green] Original,Parts,78,
6283,iPhone 11 Compatible Charging Port Flex Cable [Purple] Original,Parts,78,
6282,iPhone 11 Compatible Charging Port Flex Cable [Red] Original,Parts,78,
6701,iPhone 11 Compatible Charging Port Flex Cable [White],Parts,78,
6281,iPhone 11 Compatible Charging Port Flex Cable [Yellow] Original,Parts,78,
6697,iPhone 11 Compatible Earpiece Speaker Flex Cable,Parts,53,
6700,iPhone 11 Compatible Front Camera,Parts,73,
6699,iPhone 11 Compatible Loudspeaker,Parts,9,
6698,iPhone 11 Compatible NFC Wireless Charging Pad,Parts,33,
6278,iPhone 11 Compatible Power Flex Cable,Parts,33,
6522,iPhone 11 Compatible Rear Back Camera,Parts,230,
6252,iPhone 11 Compatible Sim Tray + Sim Reader [Dual Sim] [Black],Parts,19,
6253,iPhone 11 Compatible Sim Tray + Sim Reader [Dual Sim] [Green],Parts,19,
6255,iPhone 11 Compatible Sim Tray + Sim Reader [Dual Sim] [Purple],Parts,19,
6256,iPhone 11 Compatible Sim Tray + Sim Reader [Dual Sim] [Red],Parts,19,
6251,iPhone 11 Compatible Sim Tray + Sim Reader [Dual Sim] [White],Parts,19,
6254,iPhone 11 Compatible Sim Tray + Sim Reader [Dual Sim] [Yellow],Parts,19,
7929,iPhone 11 Compatible Vibrator,Parts,16,
6972,iPhone 11 Compatible Volume Flex Cable,Parts,23,
7850,iPhone 11 Compatible Wifi Antenna Cable,Parts,18,
6246,iPhone 11 Pro / 11 Pro Max Compatible Camera Lens Set,Parts,14,
6696,iPhone 11 Pro / 11 Pro Max Compatible Rear Camera,Parts,280,
6260,iPhone 11 Pro / 11 Pro Max Compatible Sim Tray [Gold],Parts,4,
6259,iPhone 11 Pro / 11 Pro Max Compatible Sim Tray [Midnight Green],Parts,4,
6258,iPhone 11 Pro / 11 Pro Max Compatible Sim Tray [Silver],Parts,4,
6257,iPhone 11 Pro / 11 Pro Max Compatible Sim Tray [Space Grey],Parts,4,
7568,iPhone 11 Pro Compatible Back Housing [with Tested Button Flex and Brackets] [Space Grey],Parts,380,
6274,iPhone 11 Pro Compatible Charging Port Flex Cable [Black] Original,Parts,250,
6276,iPhone 11 Pro Compatible Charging Port Flex Cable [Gold] Original,Parts,250,
6273,iPhone 11 Pro Compatible Charging Port Flex Cable [Midnight Green] Original,Parts,250,
6275,iPhone 11 Pro Compatible Charging Port Flex Cable [White] Original,Parts,250,
6695,iPhone 11 Pro Compatible Earpiece Speaker Flex,Parts,53,
6978,iPhone 11 Pro Compatible Front Camera,Parts,78,
6694,iPhone 11 Pro Compatible Loudspeaker,Parts,10,
6693,iPhone 11 Pro Compatible NFC Wireless Charging Pad,Parts,48,
6277,iPhone 11 Pro Compatible Power Flex Cable,Parts,78,
7930,iPhone 11 Pro Compatible Vibrator,Parts,20,
7201,iPhone 11 Pro Compatible Volumn Flex Cable,Parts,28,
7495,iPhone 11 Pro Max Compatible Back Housing [with Tested Button Flex and Brackets] [Space Grey],Parts,460,
6786,iPhone 11 Pro Max Compatible Charging Port Flex Cable [Gold] Original,Parts,220,
6271,iPhone 11 Pro Max Compatible Charging Port Flex Cable [Midnight Green] Original,Parts,220,
6785,iPhone 11 Pro Max Compatible Charging Port Flex Cable [Silver] Original,Parts,220,
6784,iPhone 11 Pro Max Compatible Charging Port Flex Cable [Space Grey] Original,Parts,220,
6692,iPhone 11 Pro Max Compatible Earpiece Speaker Flex,Parts,68,
6788,iPhone 11 Pro Max Compatible Front Camera,Parts,80,
6691,iPhone 11 Pro Max Compatible Loudspeaker,Parts,10,
6881,iPhone 11 Pro Max Compatible NFC Wireless Charging Pad with volume flex,Parts,63,
6689,iPhone 11 Pro Max Compatible Power Button Flex,Parts,80,
7993,iPhone 11 Pro Max Compatible Vibrator,Parts,23,
7509,iPhone 11 Pro Max Compatible Volumne Flex,Parts,30,
7882,iPhone 11 Pro Max Compatible Wifi Antenna,Parts,20,
7881,iPhone 11 Pro Wifi Antenna,Parts,20,
7685,iPhone 12 / 12  Pro Compatible Earpiece Flex Cable,Parts,100,
7690,iPhone 12 / 12  Pro Compatible Light Sensor,Parts,40,
7688,iPhone 12 / 12  Pro Compatible Microphone & Flashlight Flex Cable,Parts,180,
7702,iPhone 12 / 12  Pro Compatible Vibrator,Parts,80,
7703,iPhone 12 / 12  Pro Compatible Wifi Cable,Parts,100,
7689,iPhone 12 / 12 Pro Compatible 5G mmWave Antenna,Parts,40,
7642,iPhone 12 / 12 Pro Compatible Charging Port Flex Cable [Black] Original,Parts,250,
7643,iPhone 12 / 12 Pro Compatible Charging Port Flex Cable [Blue] Original,Parts,250,
7645,iPhone 12 / 12 Pro Compatible Charging Port Flex Cable [Graphite] Original,Parts,250,
7644,iPhone 12 / 12 Pro Compatible Charging Port Flex Cable [Silver] Original,Parts,250,
7686,iPhone 12 / 12 Pro Compatible Front Camera With Sensor Flex Cable,Parts,250,
8100,iPhone 12 / 12 Pro Compatible LCD Adhesive / Sticker,Parts,2,
7687,iPhone 12 / 12 Pro Compatible Loud Speaker,Parts,23,
7698,iPhone 12 / 12 Pro Compatible Sim Tray [Blue],Parts,5,
7700,iPhone 12 / 12 Pro Compatible Sim Tray [Gold],Parts,5,
7699,iPhone 12 / 12 Pro Compatible Sim Tray [Graphite Black],Parts,5,
7721,iPhone 12 / 12 Pro Compatible Sim Tray [Red],Parts,5,
7701,iPhone 12 / 12 Pro Compatible Sim Tray [Silver],Parts,5,
7691,iPhone 12 / 12 Pro Compatible Volumn Flex and NFC,Parts,78,
7695,iPhone 12 /12 Pro Compatible Main Flex,Parts,78,
7641,iPhone 12 Compatible Bluetooth Antenna,Parts,78,
7579,iPhone 12 Compatible Camera Lens A [Thin] Original,Parts,6,
7580,iPhone 12 Compatible Camera Lens B [Thick] Original,Parts,6,
7578,iPhone 12 Compatible Camera Lens Set,Parts,12,
7656,iPhone 12 Compatible Sim Tray [Green],Parts,6,
7673,iPhone 12 Mini Compatible 5G Antenna,Parts,78,
7591,iPhone 12 Mini Compatible Back Cover Glass Big Camera Hole [Black],Parts,70,
7593,iPhone 12 Mini Compatible Back Cover Glass Big Camera Hole [Blue],Parts,70,
7592,iPhone 12 Mini Compatible Back Cover Glass Big Camera Hole [Green],Parts,70,
7595,iPhone 12 Mini Compatible Back Cover Glass Big Camera Hole [Red],Parts,70,
7594,iPhone 12 Mini Compatible Back Cover Glass Big Camera Hole [White],Parts,70,
7662,iPhone 12 Mini Compatible Bluetooth Antenna,Parts,78,
7582,iPhone 12 Mini Compatible Camera Lens A [Thin] Original,Parts,6,
7583,iPhone 12 Mini Compatible Camera Lens B [Thick] Original,Parts,6,
7581,iPhone 12 Mini Compatible Camera Lens Set,Parts,12,
7663,iPhone 12 Mini Compatible Charging Port Flex Cable [Black] Original,Parts,165,
7664,iPhone 12 Mini Compatible Charging Port Flex Cable [Blue] Original,Parts,165,
7665,iPhone 12 Mini Compatible Charging Port Flex Cable [Midnight Green] Original,Parts,165,
7666,iPhone 12 Mini Compatible Charging Port Flex Cable [Red] Original,Parts,165,
7667,iPhone 12 Mini Compatible Charging Port Flex Cable [White] Original,Parts,165,
7668,iPhone 12 Mini Compatible Earpiece,Parts,90,
7669,iPhone 12 Mini Compatible Front Camera With Sensor Flex Cable,Parts,400,
8099,iPhone 12 Mini Compatible LCD Adhesive / Sticker,Parts,3,
7674,iPhone 12 Mini Compatible Light Sensor,Parts,38,
7670,iPhone 12 Mini Compatible Loud Speaker,Parts,40,
7671,iPhone 12 Mini Compatible Main Flex,Parts,40,
7672,iPhone 12 Mini Compatible Microphone & Flashlight Flex Cable,Parts,90,
7676,iPhone 12 Mini Compatible Sim Tray [Black],Parts,5,
7677,iPhone 12 Mini Compatible Sim Tray [Blue],Parts,5,
7678,iPhone 12 Mini Compatible Sim Tray [Green],Parts,5,
7679,iPhone 12 Mini Compatible Sim Tray [Red],Parts,5,
7680,iPhone 12 Mini Compatible Sim Tray [White],Parts,5,
7681,iPhone 12 Mini Compatible Vibrator,Parts,40,
7682,iPhone 12 Mini Compatible Volumn Flex and NFC,Parts,80,
7683,iPhone 12 Mini Compatible Wifi Cable,Parts,200,
7596,iPhone 12 Pro Compatible Back Cover Glass Big Camera Hole [Black],Parts,33,
7599,iPhone 12 Pro Compatible Back Cover Glass Big Camera Hole [Blue],Parts,33,
7597,iPhone 12 Pro Compatible Back Cover Glass Big Camera Hole [Gold],Parts,33,
7598,iPhone 12 Pro Compatible Back Cover Glass Big Camera Hole [Silver],Parts,33,
7684,iPhone 12 Pro Compatible Bluetooth Antenna,Parts,23,
7576,iPhone 12 Pro Compatible Camera Lens A [Thin] Original,Parts,6,
7577,iPhone 12 Pro Compatible Camera Lens B [Thick] Original,Parts,6,
7575,iPhone 12 Pro Compatible Camera Lens Set,Parts,16,
7696,iPhone 12 Pro Compatible Lidar Flex,Parts,200,
7714,iPhone 12 Pro Max Compatible 5G Antenna,Parts,10,
7600,iPhone 12 Pro Max Compatible Back Cover Glass Big Camera Hole [Black],Parts,33,
7603,iPhone 12 Pro Max Compatible Back Cover Glass Big Camera Hole [Blue],Parts,33,
7601,iPhone 12 Pro Max Compatible Back Cover Glass Big Camera Hole [Gold],Parts,33,
7602,iPhone 12 Pro Max Compatible Back Cover Glass Big Camera Hole [Silver],Parts,33,
7704,iPhone 12 Pro Max Compatible Bluetooth Abtenna,Parts,300,
7566,iPhone 12 Pro Max Compatible Camera Lens A [Thin] Original,Parts,6,
7565,iPhone 12 Pro Max Compatible Camera Lens B [Thick] Original,Parts,6,
7567,iPhone 12 Pro Max Compatible Camera Lens Set,Parts,6,
7705,iPhone 12 Pro Max Compatible Charging Port Flex Cable [Black] Original,Parts,310,
7706,iPhone 12 Pro Max Compatible Charging Port Flex Cable [Blue] Original,Parts,310,
7707,iPhone 12 Pro Max Compatible Charging Port Flex Cable [Gold] Original,Parts,310,
7708,iPhone 12 Pro Max Compatible Charging Port Flex Cable [White] Original,Parts,310,
7709,iPhone 12 Pro Max Compatible Earpiece flex Cable,Parts,280,
8101,iPhone 12 Pro Max Compatible LCD Adhesive / Sticker,Parts,1,
7716,iPhone 12 Pro Max Compatible Lidar Flex,Parts,280,
7715,iPhone 12 Pro Max Compatible Light Sensor,Parts,50,
7711,iPhone 12 Pro Max Compatible Loud Speaker,Parts,23,
7712,iPhone 12 Pro Max Compatible Main Flex,Parts,100,
7713,iPhone 12 Pro Max Compatible Microphone & Flashlight Flex Cable,Parts,250,
7718,iPhone 12 Pro Max Compatible Sim Tray [Black],Parts,5,
7719,iPhone 12 Pro Max Compatible Sim Tray [Blue],Parts,5,
7720,iPhone 12 Pro Max Compatible Sim Tray [Gold],Parts,5,
7722,iPhone 12 Pro Max Compatible Sim Tray [Silver],Parts,5,
7723,iPhone 12 Pro Max Compatible Vibrator,Parts,280,
7724,iPhone 12 Pro Max Compatible Volumn Flex and NFC,Parts,80,
7725,iPhone 12 Pro Max Compatible Wifi Cable,Parts,70,
343,iPhone 3GS Compatible Charging Dock With Ringer Mic and Flex Cable [White],Parts,3,
344,iPhone 3GS Compatible Charging Dock With Ringer Mic and Flex Cable[Black],Parts,3,
345,iPhone 3GS Compatible Home Button Cable,Parts,3,
348,iPhone 3GS Compatible Power Volume Mute Button Flex Cable With Handsfree Port [Black],Parts,3,
349,iPhone 3GS Compatible Power Volume Mute Button Flex Cable With Handsfree Port [White],Parts,3,
355,iPhone 4 Compatible Battery Connector,Parts,3,
621,iPhone 4 Compatible Charging Port Flex [Black],Parts,3,
622,iPhone 4 Compatible Charging Port Flex [White],Parts,3,
624,iPhone 4 Compatible Earpiece Speaker,Parts,3,
626,iPhone 4 Compatible Front Small Camera With Flex Cable,Parts,3,
628,iPhone 4 Compatible Headphone Jack Flex,Parts,3,
629,iPhone 4 Compatible Home Button Black,Parts,3,
630,iPhone 4 Compatible Home Button Flex Cable ,Parts,3,
631,iPhone 4 Compatible Home Button White ,Parts,3,
2160,iPhone 4 Compatible LCD FPC Connector,Parts,3,
636,iPhone 4 Compatible Loudspeaker Ringer Block With Antena Cable,Parts,3,
638,iPhone 4 Compatible Power Volume Button With Promixity Sensor,Parts,3,
640,iPhone 4 Compatible Rear Big Camera ,Parts,3,
642,iPhone 4 Compatible Screw Set,Parts,3,
2348,iPhone 4 Compatible Sim Card Slot Socket Holder,Parts,3,
643,iPhone 4 Compatible Sim Tray Replacement,Parts,3,
2161,iPhone 4 Compatible Touch FPC Connector,Parts,3,
644,iPhone 4 Compatible Vibrator,Parts,3,
645,iPhone 4 Compatible Volume Button Flex Cable With Handsfree Port ,Parts,3,
2347,iPhone 4 Compatible Wi-Fi Antenna Flex Cable Ribbon ,Parts,3,
2520,iPhone 4 Compatible Wifi Shield,Parts,3,
646,iPhone 4 Compatible Yellow Push Button Switch,Parts,3,
2350,iPhone 4 Compatibles Sim Reader,Parts,3,
6624,"iPhone 4 Used Phone [To be used as loan phone] (Please test on arrival, 7 day warranty)",Parts,3,
657,iPhone 4S Compatible Battery Connector,Parts,3,
659,iPhone 4S Compatible Button Screw (2Pcs),Parts,3,
660,iPhone 4S Compatible Charging Port Flex [Black],Parts,3,
661,iPhone 4S Compatible Charging Port Flex [White],Parts,3,
662,iPhone 4S Compatible Earpiece Speaker,Parts,3,
663,iPhone 4S Compatible Front Small Camera With Flex Cable,Parts,3,
664,iPhone 4S Compatible Home Button Black,Parts,3,
665,iPhone 4S Compatible Home Button Flex Cable,Parts,3,
666,iPhone 4S Compatible Home Button White,Parts,3,
2157,iPhone 4S Compatible LCD FPC Connector,Parts,3,
672,iPhone 4S Compatible Loud Speaker Ringer Block With Antenna Cable,Parts,3,
674,iPhone 4S Compatible Power Button Flex Cable With Promixity Sensor,Parts,3,
675,iPhone 4S Compatible Rear Big Camera,Parts,3,
676,iPhone 4S Compatible Sim Tray Replacement,Parts,3,
677,iPhone 4S Compatible Top Wifi Bluetooth Antenna Flex Cable,Parts,3,
2158,iPhone 4S Compatible Touch FPC Connector,Parts,3,
678,iPhone 4S Compatible Vibrator Motor,Parts,3,
679,iPhone 4S Compatible Volume Button Flex Cable With Handsfree Port,Parts,3,
680,iPhone 4S Compatible Wifi Antenna Metal Cover,Parts,3,
2153,iPhone 5 Compatible Battery FPC Connector,Parts,3,
705,iPhone 5 Compatible Charging Port Earphone Port Flex Cable With Microphone [Silver],Parts,3,
706,iPhone 5 Compatible Charging Port Earphone Port Flex Cable With Microphone [Space Grey],Parts,3,
707,iPhone 5 Compatible Earpiece Speaker ,Parts,3,
2154,iPhone 5 Compatible Front Camera FPC Connector,Parts,3,
708,iPhone 5 Compatible Front Camera With Sensor Flex,Parts,3,
710,iPhone 5 Compatible Home Button Black,Parts,3,
711,iPhone 5 Compatible Home Button Cable,Parts,3,
712,iPhone 5 Compatible Home Button Metal,Parts,3,
713,iPhone 5 Compatible Home Button White,Parts,3,
6991,iPhone 5 Compatible Internal Antenna,Parts,3,
2151,iPhone 5 Compatible LCD FPC Connector,Parts,3,
716,iPhone 5 Compatible Loudspeaker,Parts,3,
718,iPhone 5 Compatible Power Volume Flex Cable,Parts,3,
719,iPhone 5 Compatible Rear Camera,Parts,13,
720,iPhone 5 Compatible Screw Set ,Parts,2,
721,iPhone 5 Compatible Sim Card Holder Tray black,Parts,2,
2493,iPhone 5 Compatible Sim Card Holder Tray White,Parts,2,
722,iPhone 5 Compatible Sim Reader,Parts,3,
2152,iPhone 5 Compatible Touch FPC Connector,Parts,,
723,iPhone 5 Compatible Vibrator Motor Replacement,Parts,3,
724,iPhone 5 Compatible Wifi Flex Cable,Parts,2,
2148,iPhone 5C Compatible Battery FPC Connector,Parts,2,
730,iPhone 5C Compatible Buttom Screws,Parts,0.1,
731,iPhone 5C Compatible Charging Dock Flex Cable,Parts,9,
732,iPhone 5C Compatible Earpiece Speaker,Parts,2,
733,iPhone 5C Compatible Front Camera With Proximity Sensor Flex C,Parts,12,
734,iPhone 5C Compatible Full Set Screws,Parts,2,
735,iPhone 5C Compatible Home Button,Parts,2,
736,iPhone 5C Compatible Home Button Cable,Parts,2,
2146,iPhone 5C Compatible LCD FPC Connector,Parts,2,
738,iPhone 5C Compatible Loudspeaker,Parts,2,
739,iPhone 5C Compatible Power Button and Volume Flex Cable,Parts,7,
740,iPhone 5C Compatible Rear Camera,Parts,12,
2492,iPhone 5C Compatible Sim Tray Blue,Parts,2,
741,iPhone 5C Compatible Sim Tray Green,Parts,2,
2490,iPhone 5C Compatible Sim Tray White,Parts,2,
2491,iPhone 5C Compatible Sim Tray Yellow,Parts,2,
2147,iPhone 5C Compatible Touch FPC Connector,Parts,2,
742,iPhone 5C Compatible Vabration Motor,Parts,2,
744,iPhone 5C Compatible Wifi Cable,Parts,2,
769,iPhone 5S / iPhone SE Compatible Earpiece Speaker,Parts,2,
1977,iPhone 5S / SE Compatible Antenna Connecting Cable,Parts,2,
1967,iPhone 5S / SE Compatible Front Camera flex Module with Microphone and Proximity Sensor,Parts,12,
1962,iPhone 5S / SE Compatible Home Button with Flex Cable Ribbon Black,Parts,6,
1963,iPhone 5S / SE Compatible Home Button with Flex Cable Ribbon Gold,Parts,6,
1965,iPhone 5S / SE Compatible Home Button with Flex Cable Ribbon Rose Gold,Parts,6,
1964,iPhone 5S / SE Compatible Home Button with Flex Cable Ribbon Silver,Parts,6,
2488,iPhone 5S / SE Compatible Sim Tray Black,Parts,2,
781,iPhone 5S / SE Compatible Sim Tray Gold,Parts,2,
2489,iPhone 5S / SE Compatible Sim Tray Silver,Parts,2,
1979,iPhone 5S / SE Compatible Vibrator Motor,Parts,2,
779,iPhone 5S /iPhone SE Compatible Loudspeaker Ringer,Parts,2,
2143,iPhone 5S Compatible Battery FPC Connector,Parts,2,
766,iPhone 5S Compatible Buttom Screws,Parts,2,
767,iPhone 5S Compatible Charging Dock With Audio Jack Flex Cable Black,Parts,7,
768,iPhone 5S Compatible Charging Dock With Audio Jack Flex Cable White,Parts,7,
782,iPhone 5S Compatible Digitizer Connector,Parts,3,
771,iPhone 5S Compatible Full Set Screw ,Parts,3,
772,iPhone 5S Compatible Home Button With Flex Cable Black,Parts,7,
773,iPhone 5S Compatible Home Button With Flex Cable Gold,Parts,7,
774,iPhone 5S Compatible Home Button With Flex Cable White,Parts,7,
2142,iPhone 5S Compatible LCD FPC Connect,Parts,2,
780,iPhone 5S Compatible Power Button and Volume Flex Cable,Parts,7,
369,iPhone 5S Compatible Rear Camera,Parts,12,
783,iPhone 5S Compatible Vibration Motor,Parts,3,
784,iPhone 5S Compatible Wifi Cable,Parts,2,
827,iPhone 6 /  / iPhone 6 plus Compatible Earpiece Speaker,Parts,2,
4012,iPhone 6 / 6 Plus Compatible Baseband Power IC PN8019 U_Pmicrf,Parts,30,
2131,iPhone 6 / iPhone 6 plus Compatible Bottom Screw Set 10 Pack,Parts,2,
832,iPhone 6 / iPhone 6 plus Compatible Home Button Flex Cable [Silver],Parts,6,
830,iPhone 6 / iPhone 6 plus Compatible Home Button Flex Cable [Space Grey],Parts,6,
831,iPhone 6 / iPhone 6 plus Compatible Home Button Flex Cable Gold,Parts,6,
2137,iPhone 6 / iPhone 6 plus Compatible Sim Reader,Parts,3,
3107,iPhone 6 / iPhone 6s Compatible Battery Sticker,Parts,0.7,
373,iPhone 6 / iPhone 6S Compatible Camera Lens,Parts,1,
4078,iPhone 6 Compatible Battery Connector On Board,Parts,1,
2138,iPhone 6 Compatible Battery FPC Connector,Parts,1,
826,iPhone 6 Compatible Charging Port With Audio Jack Flex Cable [Silver],Parts,13,
825,iPhone 6 Compatible Charging Port With Audio Jack Flex Cable [Space Grey],Parts,13,
4426,iPhone 6 Compatible Display IC(u1501),Parts,8,
828,iPhone 6 Compatible Front Camera With Sensor Flex Cable [Original],Parts,14,
845,iPhone 6 Compatible GPS Antenna Bottom,Parts,2,
829,iPhone 6 Compatible Home Button Extension Cable,Parts,6,
2132,iPhone 6 Compatible LCD Connector,Parts,2,
835,iPhone 6 Compatible Loudspeaker,Parts,5,
838,iPhone 6 Compatible Power Button Flex Cable,Parts,5,
377,iPhone 6 Compatible Rear Camera [Original],Parts,10,
2420,iPhone 6 Compatible Rear Camera FPC Connector,Parts,2,
840,iPhone 6 Compatible Sim Tray Black,Parts,2,
841,iPhone 6 Compatible Sim Tray Gold,Parts,2,
842,iPhone 6 Compatible Sim Tray White,Parts,2,
2421,iPhone 6 Compatible Touch Digitizer FPC Connector,Parts,2,
843,iPhone 6 Compatible Vibrator Motor,Parts,4,
844,iPhone 6 Compatible Volume Cable,Parts,4,
2484,iPhone 6 Compatible Wifi Antenna Top,Parts,2,
2122,iPhone 6 Plus Compatible Antenna Flex,Parts,4,
2126,iPhone 6 Plus Compatible Battery FPC Connector,Parts,4,
3105,iPhone 6 Plus Compatible Battery Sticker,Parts,1,
2120,iPhone 6 Plus Compatible Camera Lens,Parts,1,
847,iPhone 6 Plus Compatible Charging Port Flex Cable [Grey],Parts,13,
848,iPhone 6 Plus Compatible Charging Port Flex Cable [White],Parts,13,
849,iPhone 6 Plus Compatible Earpiece,Parts,2,
850,iPhone 6 Plus Compatible Front Camera Flex [Original],Parts,14,
3057,iPhone 6 Plus Compatible Front Camera FPC Connector,Parts,2,
3926,iPhone 6 Plus Compatible Home Button Connector,Parts,2,
851,iPhone 6 Plus Compatible Home Button Extension Cable,Parts,6,
852,iPhone 6 Plus Compatible Home Button Flex Cable Black,Parts,6,
853,iPhone 6 Plus Compatible Home Button Flex Cable Gold,Parts,6,
854,iPhone 6 Plus Compatible Home Button Flex Cable White,Parts,6,
2124,iPhone 6 Plus Compatible LCD FPC Connector,Parts,2,
383,iPhone 6 Plus Compatible Loudspeaker,Parts,5,
3404,iPhone 6 Plus Compatible Network Antenna [on Charging Port Flex Cable],Parts,3,
857,iPhone 6 Plus Compatible Power Button Flex Cable,Parts,6,
858,iPhone 6 Plus Compatible Rear Camera [Original],Parts,16,
2422,iPhone 6 Plus Compatible Rear Camera FPC Connector,Parts,2,
2127,iPhone 6 Plus Compatible Sim Reader,Parts,3,
860,iPhone 6 Plus Compatible Sim Tray [Black],Parts,2,
861,iPhone 6 Plus Compatible Sim Tray [Gold],Parts,2,
862,iPhone 6 Plus Compatible Sim Tray [White],Parts,2,
4011,iPhone 6 Plus Compatible Touch Digitizer FPC Connector,Parts,2,
2125,iPhone 6 Plus Compatible Touch FPC Connector,Parts,2,
2123,iPhone 6 Plus Compatible Vibrator Motor,Parts,4,
863,iPhone 6 Plus Compatible Volume Cable,Parts,6,
2163,iPhone 6 Plus Compatible Wifi Antenna Cover,Parts,3,
4190,iPhone 6S / 6S Plus Compatible Rear Camera Connector,Parts,2,
3931,iPhone 6S Compatible Backlight IC U4020,Parts,12,
3103,iPhone 6S Compatible Battery Sticker,Parts,3,
2117,iPhone 6S Compatible Buttom Screw Set 10 Pack,Parts,2,
3899,iPhone 6S Compatible Camera Lens,Parts,1,
865,iPhone 6S Compatible Charging Port Cable White,Parts,13,
2242,iPhone 6S Compatible Charging Port Flex Cable Black,Parts,13,
413,iPhone 6S Compatible Earpiece Speaker,Parts,2,
866,iPhone 6S Compatible Front Camera Flex Cable [Original],Parts,14,
867,iPhone 6S Compatible Home Button Black,Parts,6,
414,iPhone 6S Compatible Home Button Gold,Parts,6,
2485,iPhone 6S Compatible Home Button Rose Gold,Parts,6,
415,iPhone 6S Compatible Home Button White,Parts,6,
3927,iPhone 6S Compatible LCD PFC Connector,Parts,2,
4231,iPhone 6S Compatible LCD sticker,Parts,2,
418,iPhone 6S Compatible Loudspeaker,Parts,4,
419,iPhone 6S Compatible Power Flex Cable,Parts,9,
870,iPhone 6S Compatible Rear Camera [Original],Parts,38,
420,iPhone 6S Compatible Sim Tray Gold,Parts,2,
2435,iPhone 6S Compatible Sim Tray Grey,Parts,2,
421,iPhone 6S Compatible Sim Tray Rosegold,Parts,2,
422,iPhone 6S Compatible Sim Tray Siliver,Parts,2,
2115,iPhone 6S Compatible Vibrator,Parts,3,
2522,iPhone 6S Compatible Volume Cable,Parts,9,
2116,iPhone 6S Compatible Wifi Antenna Flex,Parts,3,
3106,iPhone 6S Plus Compatible Battery Sticker,Parts,0.8,
2114,iPhone 6S Plus Compatible Bottom Screw Set 10 Pack,Parts,2,
2105,iPhone 6S Plus Compatible Camera Lens,Parts,1,
871,iPhone 6S Plus Compatible Charging Port Flex Cable Black,Parts,21,
1897,iPhone 6S Plus Compatible Charging Port Flex Cable White,Parts,21,
425,iPhone 6S Plus Compatible Earpiece Speaker,Parts,2,
872,iPhone 6S Plus Compatible Front Camera Flex Cable [Original],Parts,21,
426,iPhone 6S Plus Compatible Home Button Black,Parts,6,
2103,iPhone 6S Plus Compatible Home Button Gasket,Parts,1,
427,iPhone 6S Plus Compatible Home Button Gold,Parts,6,
428,iPhone 6S Plus Compatible Home Button Grey,Parts,6,
429,iPhone 6S Plus Compatible Home Button Rose Gold,Parts,6,
430,iPhone 6S Plus Compatible Home Button White,Parts,6,
435,iPhone 6S Plus Compatible Loudspeaker,Parts,5,
2104,iPhone 6S Plus Compatible Power Flex Cable,Parts,8,
436,iPhone 6S Plus Compatible Rear Camera [Original],Parts,48,
437,iPhone 6S Plus Compatible Sim Tray Gold,Parts,2,
438,iPhone 6S Plus Compatible Sim Tray Grey,Parts,2,
439,iPhone 6S Plus Compatible Sim Tray Rose Gold,Parts,2,
440,iPhone 6S Plus Compatible Sim Tray Silver,Parts,2,
2109,iPhone 6S Plus Compatible Vibrator,Parts,3,
2106,iPhone 6S Plus Compatible Volume Flex Cable,Parts,7,
2107,iPhone 6S Plus Compatible Wifi Antenna Cover,Parts,3,
2108,iPhone 6S Plus Compatible Wifi Flex Cable,Parts,3,
4365,iPhone 7 / 7 Plus Compatible NFC IC Chip NFC_RF 67V04,Parts,30,
3440,iPhone 7 / 8 / SE 2020 Compatible Earpiece Speaker,Parts,3,
2092,iPhone 7 / 8 Compatible Rear Camera Lens,Parts,1,
7497,iPhone 7 Compatible Back Housing Full Assembly with Accessories Red,Parts,95,housing
3104,iPhone 7 Compatible Battery Sticker,Parts,0.8,
7797,iPhone 7 Compatible Bluetooth Antenna,Parts,4,
2094,iPhone 7 Compatible Buttom Screw Set 10 Pack,Parts,2,
1937,iPhone 7 Compatible Charging Port Flex Cable [Black],Parts,21,
1901,iPhone 7 Compatible Charging Port Flex Cable [White],Parts,21,
2523,iPhone 7 Compatible Earpiece,Parts,4,
1947,iPhone 7 Compatible front camera [Original],Parts,30,
6742,iPhone 7 Compatible GPS Antenna,Parts,3,
2090,iPhone 7 Compatible Home Button Flex Black,Parts,13,
2089,iPhone 7 Compatible Home Button Flex Gold,Parts,13,
2087,iPhone 7 Compatible Home Button Flex Rosegold,Parts,13,
2088,iPhone 7 Compatible Home Button Flex White,Parts,13,
4230,iPhone 7 Compatible LCD sticker,Parts,2,
1946,iPhone 7 Compatible Loudspeaker Ringer Buzzer,Parts,5,
1948,iPhone 7 Compatible Power and Volume Button Connectors and Mic with Flex Cable Ribbon,Parts,12,
2091,iPhone 7 Compatible Rear Camera [Original],Parts,90,
5813,iPhone 7 Compatible Sim Reader,Parts,2.5,
1939,iPhone 7 Compatible Sim Tray Gold,Parts,2.5,
1940,iPhone 7 Compatible Sim Tray Jet Black,Parts,2.5,
1906,iPhone 7 Compatible Sim Tray Matte Black,Parts,2.5,
5665,iPhone 7 Compatible Sim Tray Red,Parts,2.5,
1907,iPhone 7 Compatible Sim Tray Rosegold,Parts,2.5,
1908,iPhone 7 Compatible Sim Tray Silver,Parts,2.5,
3197,iPhone 7 Compatible Vibrator,Parts,5,
2086,iPhone 7 Compatible Wifi Antenna,Parts,4,
1958,iPhone 7 Plus / 8 Plus Compatible Camera Lens,Parts,1,
1959,iPhone 7 Plus Compatible Battery Sticker,Parts,1,
7799,iPhone 7 Plus Compatible Bluetooth Antenna,Parts,4,
2102,iPhone 7 Plus Compatible Bottom Screw Set 10 Pack,Parts,2,
1949,iPhone 7 Plus Compatible charging port [Black],Parts,25,
1950,iPhone 7 Plus Compatible charging port [White],Parts,25,
2083,iPhone 7 Plus Compatible Front Camera [Original],Parts,30,
2101,iPhone 7 Plus Compatible Home Button Flex [Black],Parts,14,
2100,iPhone 7 Plus Compatible Home Button Flex [Gold],Parts,14,
2099,iPhone 7 Plus Compatible Home Button Flex [Rosegold],Parts,14,
2098,iPhone 7 Plus Compatible Home Button Flex [Silver],Parts,14,
4552,iPhone 7 Plus Compatible LCD Sticker,Parts,2,
1951,iPhone 7 Plus Compatible loudspeaker,Parts,9,
2096,iPhone 7 Plus Compatible Power Volume Flex Cable,Parts,15,
5814,iPhone 7 Plus Compatible Sim Reader,Parts,3,
1919,iPhone 7 Plus Compatible Sim Tray [Gold],Parts,3,
1941,iPhone 7 Plus Compatible Sim Tray [Jet Black],Parts,3,
1916,iPhone 7 Plus Compatible Sim Tray [Matt Black],Parts,3,
5666,iPhone 7 Plus Compatible Sim Tray [Red],Parts,3,
1917,iPhone 7 Plus Compatible Sim Tray [Rosegold],Parts,3,
1918,iPhone 7 Plus Compatible Sim Tray [Silver],Parts,3,
3198,iPhone 7 Plus Compatible Vibrator,Parts,8,
7204,iPhone 7 Plus Compatible Wifi + GPS Antenna Flex Cable,Parts,4,
2095,iPhone 7 Plus Compatible Wifi Antenna Flex Cable [Long],Parts,4,
1952,iPhone 7 Plus iPhone 8 Plus Compatible earpiece speaker,Parts,4,
4458,iPhone 8 / 8 Plus Compatible Bottom Screws x4 [Gold],Parts,0.1,
4459,iPhone 8 / 8 Plus Compatible Bottom Screws x4 [Silver],Parts,0.1,
4461,iPhone 8 / 8 Plus Compatible Bottom Screws x4 [Silver],Parts,0.1,
4457,iPhone 8 / 8 Plus Compatible Bottom Screws x4 [Space Grey],Parts,0.1,
3444,iPhone 8 / 8 Plus Compatible Home Button Flex [Black],Parts,14,
3442,iPhone 8 / 8 Plus Compatible Home Button Flex Gold,Parts,14,
3443,iPhone 8 / 8 Plus Compatible Home Button Flex Silver,Parts,14,
6403,iPhone 8 / iPhone SE2 Compatible Front Camera [Original IMB Tested],Parts,32,
6416,iPhone 8 / iPhone SE2 Compatible Wireless Charging Chip and NFC Antenna,Parts,10,
5404,iPhone 8 / SE 2020 Compatible Bluetooth Antenna Flex,Parts,4,
6604,iPhone 8 / SE 2020 Compatible Camera Lens With Bracket [Gold],Parts,3,
7198,iPhone 8 / SE 2020 Compatible Camera Lens With Bracket [Red],Parts,3,
6602,iPhone 8 / SE 2020 Compatible Camera Lens With Bracket [Silver],Parts,3,
6603,iPhone 8 / SE 2020 Compatible Camera Lens With Bracket [Space Grey],Parts,3,
3433,iPhone 8 / SE 2020 Compatible Front Camera [Original IMB Tested],Parts,33,
3937,iPhone 8 / SE 2020 Compatible LCD Connector,Parts,2,
3441,iPhone 8 / SE 2020 Compatible Loudspeaker,Parts,9,
3439,iPhone 8 / SE 2020 Compatible Power Volume Flex Cable,Parts,15,
3434,iPhone 8 / SE 2020 Compatible Rear Camera [Original],Parts,185,
3445,iPhone 8 / SE 2020 Compatible Sim Tray [Gold],Parts,3,
3446,iPhone 8 / SE 2020 Compatible Sim Tray [Silver],Parts,3,
3447,iPhone 8 / SE 2020 Compatible Sim Tray [Space Grey],Parts,3,
4039,iPhone 8 / SE 2020 Compatible Vibrator,Parts,6,
4747,iPhone 8 / SE 2020 Compatible Wireless Charging Chip and NFC Antenna,Parts,10,
5320,iPhone 8 Camera Lens Ring [Gold],Parts,3,
5323,iPhone 8 Camera Lens Ring [Red],Parts,3,
5321,iPhone 8 Camera Lens Ring [Silver],Parts,3,
5322,iPhone 8 Camera Lens Ring [Space Grey],Parts,3,
3450,iPhone 8 Compatible Battery Sticker,Parts,1.2,
3496,iPhone 8 Compatible Charging Port Flex Cable [Gold] [Original IMB Tested],Parts,40,
3495,iPhone 8 Compatible Charging Port Flex Cable [Silver] [Original IMB Tested],Parts,40,
3436,iPhone 8 Compatible Charging Port Flex Cable [Space Grey] [Original IMB Tested],Parts,40,
5405,iPhone 8 Compatible Complete Metal Plate Set,Parts,7,
3437,iPhone 8 Compatible GPS Antenna Flex,Parts,4,
5403,iPhone 8 Compatible Wifi Cellular Antenna Cable [Above Loudspeaker],Parts,5,
5402,iPhone 8 Compatible Wifi Flex Cable to Charging Port Transition Flex Cable,Parts,5,
3471,iPhone 8 Plus Compatible Battery Sticker,Parts,2,
7798,iPhone 8 Plus Compatible Bluetooth Antenna,Parts,4,
5397,iPhone 8 Plus Compatible Camera Lens with Bracket [Gold],Parts,3,
5398,iPhone 8 Plus Compatible Camera Lens with Bracket [Silver],Parts,3,
5399,iPhone 8 Plus Compatible Camera Lens with Bracket [Space Grey],Parts,3,
3457,iPhone 8 Plus Compatible Charging Port Flex Cable [Black] [Original IMB Tested],Parts,32,
3498,iPhone 8 Plus Compatible Charging Port Flex Cable [Gold] [Original IMB Tested],Parts,32,
3497,iPhone 8 Plus Compatible Charging Port Flex Cable [White] [Original IMB Tested],Parts,32,
5401,iPhone 8 Plus Compatible Complete Metal Plate Set,Parts,7,
3454,iPhone 8 Plus Compatible Front Camera [Original IMB Tested],Parts,45,
4850,iPhone 8 Plus Compatible GPS Antenna Flex,Parts,4,
3462,iPhone 8 Plus Compatible Loudspeaker,Parts,12,
3460,iPhone 8 Plus Compatible Power Volume Flex Cable,Parts,18,
3455,iPhone 8 Plus Compatible Rear Camera [Original],Parts,245,
3468,iPhone 8 Plus Compatible Sim Tray Black,Parts,3,
3466,iPhone 8 Plus Compatible Sim Tray Gold,Parts,3,
3467,iPhone 8 Plus Compatible Sim Tray White,Parts,3,
5356,iPhone 8 Plus Compatible Vibrator,Parts,30,
5400,iPhone 8 Plus Compatible Wifi and 4G Antenna [Above Loudspeaker],Parts,5,
4748,iPhone 8 Plus Compatible Wreless Charging Chip and NFC Antenna,Parts,10,
3938,iPhone 8 Plus LCD Connector,Parts,2,
7870,iPhone SE 2020 Compatible Back Housing [no Small Parts] [Black],Parts,100,
7872,iPhone SE 2020 Compatible Back Housing [no Small Parts] [Red],Parts,100,housing
7871,iPhone SE 2020 Compatible Back Housing [no Small Parts] [White],Parts,100,
1974,iPhone SE 5 5C 5S Compatible Sim Card Reader,Parts,3,
3855,iPhone SE Compatbile Full Housing with Accessories [Gold],Parts,50,
3854,iPhone SE Compatbile Full Housing with Accessories [Rosegold],Parts,50,
1968,"iPhone SE Compatible Charging Port with Flex Cable, Headphone Jack and Microphone Black",Parts,11,
1969,"iPhone SE Compatible Charging Port with Flex Cable, Headphone Jack and Microphone White",Parts,11,
1973,iPhone SE Compatible Earpiece speaker,Parts,2,
1966,iPhone SE Compatible Home Button Ring,Parts,2,
2521,iPhone SE Compatible Loudspeaker,Parts,5,
2965,iPhone SE Compatible Power Flex Cable,Parts,13,
2471,iPhone SE Compatible Rear Camera,Parts,30,
1972,"iPhone SE Compatible Silence, Volume and Power Button Set Rose Gold",Parts,4,
1970,iPhone SE Compatible Sim Tray grey,Parts,2,
1971,iPhone SE Compatible Sim Tray Rose Gold,Parts,2,
6401,iPhone SE2 2020 Compatible Charging Port Flex Cable [Black] [Original IMB Tested],Parts,40,
6399,iPhone SE2 2020 Compatible Charging Port Flex Cable [Red] [Original IMB Tested],Parts,40,
6400,iPhone SE2 2020 Compatible Charging Port Flex Cable [White] [Original IMB Tested],Parts,40,
6398,iPhone SE2 Compatible Bluetooth Antenna Flex,Parts,4,
6402,iPhone SE2 Compatible Earpiece Speaker,Parts,4,
6404,iPhone SE2 Compatible LCD Connector,Parts,2,
6407,iPhone SE2 Compatible Loudspeaker,Parts,9,
6408,iPhone SE2 Compatible Power Volume Flex Cable,Parts,15,
6409,iPhone SE2 Compatible Sim Tray [Gold],Parts,2,
6410,iPhone SE2 Compatible Sim Tray [Silver],Parts,2,
6411,iPhone SE2 Compatible Sim Tray [Space Grey],Parts,2,
6412,iPhone SE2 Compatible Vibrator,Parts,45,
6413,iPhone SE2 Compatible Wifi Antenna Flex,Parts,5,
6414,iPhone SE2 Compatible Wifi Cellular Antenna Cable [Above Loudspeaker],Parts,5,
6415,iPhone SE2 Compatible Wifi Flex Cable to Charging Port Transition Flex Cable,Parts,5,
5225,iPhone X / iPhone XS Compatible LCD Sticker,Parts,2,
5318,iPhone X Camera Lens Ring [Silver],Parts,4,
5319,iPhone X Camera Lens Ring [Space Grey],Parts,4,
5251,iPhone X Compatible Battery FPC Connector,Parts,2,
5395,iPhone X Compatible Battery Sticker,Parts,2,
4460,iPhone X Compatible Bottom Screws x4 [Space Grey],Parts,0.1,
5316,iPhone X Compatible Camera Lens with Bracket Ring [Silver],Parts,0.1,
5317,iPhone X Compatible Camera Lens with Bracket Ring [Space Grey],Parts,0.1,
4217,iPhone X Compatible Camera Lens With Ring,Parts,4,
4663,iPhone X Compatible Camera Lens(Lens Only),Parts,5,
5394,iPhone X Compatible Charging Port Antenna Flex,Parts,5,
3978,iPhone X Compatible Charging Port Flex Cable [Space Grey] [Original IMB Tested],Parts,35,
5661,iPhone X Compatible Charging Port Flex Cable [White] [Original IMB Tested],Parts,35,
5396,iPhone X Compatible Complete Metal Plate Set,Parts,7,
6186,iPhone X Compatible Earpiece Flex Cable [Cable Only],Parts,16,
3979,iPhone X Compatible Earpiece Speaker with Ambient Light Sensor,Parts,43,
4164,iPhone X Compatible Flash and Power Button Flex Cable,Parts,17,
5755,iPhone X Compatible Front Camera [Original IMB Tested],Parts,30,
5303,iPhone X Compatible Loudspeaker,Parts,6,
7526,iPhone X Compatible Loudspeaker Antenna Flex Retaining Bracket,Parts,6,
4535,iPhone X Compatible Rear Camera [Original],Parts,153,
4450,iPhone X Compatible SIM Tray [Silver],Parts,3,
4451,iPhone X Compatible SIM Tray [Space Grey],Parts,3,
4715,iPhone X Compatible Vibrator,Parts,16,
4253,iPhone X Compatible Volume Flex Cable,Parts,13,
5392,iPhone X Compatible WIFI Antenna Flex [Next to Back Camera],Parts,5,
4163,iPhone X Compatible WIFI Bluetooth Antenna Flex,Parts,6,
5393,iPhone X Compatible WIFI Long Antenna Flex [Under Loudspeaker],Parts,6,
4537,iPhone X Compatible Wireless Charging Antenna Chip,Parts,30,
5619,iPhone X XS Compatible Sim Reader,Parts,4,
4990,iPhone XR / iPhone 11 (6.1) Compatible LCD Sticker,Parts,2,
5388,iPhone XR / iPhone 11 (6.1) Compatible Loudspeaker,Parts,8,
5324,iPhone XR Compatible Back Glass with Big Camera Hole [Black],Parts,6,
5328,iPhone XR Compatible Back Glass with Big Camera Hole [Blue],Parts,6,
5329,iPhone XR Compatible Back Glass with Big Camera Hole [Coral],Parts,6,
5326,iPhone XR Compatible Back Glass with Big Camera Hole [Red],Parts,6,
5325,iPhone XR Compatible Back Glass with Big Camera Hole [White],Parts,6,
5327,iPhone XR Compatible Back Glass with Big Camera Hole [Yellow],Parts,6,
5579,iPhone XR Compatible Bluetooth Antenna Flex,Parts,6,
5383,iPhone XR Compatible Camera Lens with Bracket Ring [Blue],Parts,6,
5381,iPhone XR Compatible Camera Lens with Bracket Ring [Coral],Parts,6,
5384,iPhone XR Compatible Camera Lens with Bracket Ring [Red],Parts,6,
5380,iPhone XR Compatible Camera Lens with Bracket Ring [Silver],Parts,6,
5379,iPhone XR Compatible Camera Lens with Bracket Ring [Space Grey],Parts,6,
5382,iPhone XR Compatible Camera Lens with Bracket Ring [Yellow],Parts,6,
5385,iPhone XR Compatible Charging Port Antenna Signal Flex,Parts,6,
5107,iPhone XR Compatible Charging Port Flex Cable [Black] [Original IMB Tested],Parts,32,
5109,iPhone XR Compatible Charging Port Flex Cable [Blue] [Original IMB Tested],Parts,30,
5111,iPhone XR Compatible Charging Port Flex Cable [Coral] [Original IMB Tested],Parts,30,
5112,iPhone XR Compatible Charging Port Flex Cable [Red] [Original IMB Tested],Parts,30,
5110,iPhone XR Compatible Charging Port Flex Cable [White] [Original IMB Tested],Parts,32,
5108,iPhone XR Compatible Charging Port Flex Cable [Yellow] [Original IMB Tested],Parts,30,
5387,iPhone XR Compatible Complete Metal Plate Set,Parts,8,
5216,iPhone XR Compatible Earpiece Speaker with Proximity Flex Cable [Soldering needed for Face ID],Parts,30,
5205,iPhone XR Compatible Front Camera [Originall IMB Tested],Parts,34,
5390,iPhone XR Compatible Hard Button Set [power/volume/switch] [Silver],Parts,6,
5389,iPhone XR Compatible Hard Button Set [power/volume/switch] [Space Grey],Parts,6,
5233,iPhone XR Compatible Loudspeaker Antenna Flex,Parts,6,
5031,iPhone XR Compatible NFC Wireless Charging Pad,Parts,25,
5176,iPhone XR Compatible Power Volume Button Flex Cable,Parts,17,
5030,iPhone XR Compatible Rear Camera [Original],Parts,200,
5042,iPhone XR Compatible Rear Camera Lens,Parts,4.5,
7445,iPhone XR Compatible Sim Reader [Single / Dual Sim Compatible],Parts,16,
7439,iPhone XR Compatible Sim Tray [Single Sim] [Black],Parts,3,
7440,iPhone XR Compatible Sim Tray [Single Sim] [Blue],Parts,3,
7441,iPhone XR Compatible Sim Tray [Single Sim] [Coral],Parts,3,
7442,iPhone XR Compatible Sim Tray [Single Sim] [Red],Parts,3,
7443,iPhone XR Compatible Sim Tray [Single Sim] [Silver],Parts,3,
7444,iPhone XR Compatible Sim Tray [Single Sim] [Yellow],Parts,3,
5801,iPhone XR Compatible Sim Tray + Sim Reader [Dual Sim] [Black],Parts,17,
5802,iPhone XR Compatible Sim Tray + Sim Reader [Dual Sim] [Blue],Parts,17,
5425,iPhone XR Compatible Sim Tray + Sim Reader [Dual Sim] [Coral],Parts,17,
5803,iPhone XR Compatible Sim Tray + Sim Reader [Dual Sim] [Red],Parts,17,
5424,iPhone XR Compatible Sim Tray + Sim Reader [Dual Sim] [Silver],Parts,17,
5120,iPhone XR Compatible Sim Tray + Sim Reader [Dual Sim] [Yellow],Parts,17,
5147,iPhone XR Compatible Vibrator,Parts,16,
5330,iPhone XR Compatible WiFi Flex Cable,Parts,6,
7203,iPhone XR Compatible WiFi IC Chip,Parts,100,
5374,iPhone XS / iPhone XS Max Compatible Camera Lens with Bracket Ring [Gold],Parts,10,
5375,iPhone XS / iPhone XS Max Compatible Camera Lens with Bracket Ring [Silver],Parts,10,
5373,iPhone XS / iPhone XS Max Compatible Camera Lens with Bracket Ring [Space Grey],Parts,10,
4742,iPhone XS / XS Max Compatible Power Button Flex Cable,Parts,14,
4992,iPhone XS Compatible Battery Sticker,Parts,2,
4734,iPhone XS Compatible Bluetooth Antenna Flex Cable,Parts,6,
5378,iPhone XS Compatible Camera Lens,Parts,6,
5255,iPhone XS Compatible Charging Port [Gold] [Original IMB Tested],Parts,42,
5208,iPhone XS Compatible Charging Port [Silver] [Original IMB Tested],Parts,42,
4732,iPhone XS Compatible Charging Port [Space Grey] [Original IMB Tested],Parts,42,
5376,iPhone XS Compatible Complete Metal Plate Set,Parts,8,
6187,iPhone XS Compatible Earpiece Flex Cable [Cable Only],Parts,19,
4733,iPhone XS Compatible Earpiece with Proximity Sensor Flex,Parts,38,
5206,iPhone XS Compatible Front Camera [Original IMB Tested],Parts,48,
4993,iPhone XS Compatible LCD Sticker,Parts,2,
4736,iPhone XS Compatible Long Wifi Antenna Flex Cable [under Loudspeaker],Parts,6,
5667,iPhone XS Compatible Loudspeaker,Parts,9,
5207,iPhone XS Compatible Rear Camera [Original],Parts,225,
4865,iPhone XS Compatible Sim Tray [Gold],Parts,4,
4866,iPhone XS Compatible Sim Tray [Silver],Parts,4,
4867,iPhone XS Compatible Sim Tray [Space Grey],Parts,4,
5148,iPhone XS Compatible Vibrator,Parts,45,
5377,iPhone XS Compatible Vibrator Motor,Parts,45,
4753,iPhone XS Compatible WIFI Antenna Cable,Parts,5,
5370,iPhone XS Max Compatible Camera Lens (Len Only),Parts,5,
5368,iPhone XS Max Compatible Camera Lens with Bracket Ring [Gold],Parts,10,
5369,iPhone XS Max Compatible Camera Lens with Bracket Ring [Silver],Parts,10,
5367,iPhone XS Max Compatible Camera Lens with Bracket Ring [Space Grey],Parts,10,
5363,iPhone XS Max Compatible Charging Port Flex Cable [Gold] [Original IMB Tested],Parts,45,
5364,iPhone XS Max Compatible Charging Port Flex Cable [Silver] [Original IMB Tested],Parts,45,
4739,iPhone XS Max Compatible Charging Port Flex Cable [Space Grey] [Original IMB Tested],Parts,45,
5372,iPhone XS Max Compatible Complete Metal Plate Set,Parts,8,
6188,iPhone XS Max Compatible Earpiece Flex Cable [Cable Only],Parts,18,
5371,iPhone XS Max Compatible Earpiece Speaker With Proximity Sensor Cable,Parts,32,
5210,iPhone XS Max Compatible Front Camera [Original IMB Tested],Parts,48,
4991,iPhone XS Max Compatible LCD Sticker,Parts,2,
4746,iPhone XS Max Compatible Loudspeaker,Parts,9,
4744,iPhone XS Max Compatible Loudspeaker Antenna Flex Cable,Parts,6,
4740,iPhone XS Max Compatible Proximity Sensor Flex,Parts,20,
5211,iPhone XS Max Compatible Rear Camera [Original],Parts,230,
5620,iPhone XS Max Compatible Sim Reader,Parts,4,
4868,iPhone XS Max Compatible Sim Tray [Gold],Parts,4,
4869,iPhone XS Max Compatible Sim Tray [Silver],Parts,4,
4870,iPhone XS Max Compatible Sim Tray [Space Grey],Parts,4,
5580,iPhone XS Max Compatible Vibrator,Parts,23,
4743,iPhone XS Max Compatible Volume Flex Cable,Parts,14,
4745,iPhone XS Max Compatible WIFI Antenna Cable,Parts,6,
4741,iPhone XS Max Compatible WIFI Flex Cable,Parts,6,
5365,iPhone XS Max Compatible Wireless Charging Chip NFC Antenna with Volume Button Flex,Parts,48,
5366,iPhone XS Max Compatible Wireless Charging Chip with NFC Antenna,Parts,25,
5001,iPhone XS Volume Flex Cable and Wireless Charging Antenna,Parts,48,
